BEGIN TRANSACTION;
CREATE TABLE [CORE_PROPERTY_VALUES] ( 	"ID"		integer NOT NULL, 	"DATA_TYPE"		varchar(255), 	"DATA_VALUE"		varchar(255), 	"DEFAULT_INDICATOR"		varchar(255), 	"PROPERTYSPECIFICATION_ID"		integer ,     FOREIGN KEY ([propertySpecification_id])         REFERENCES [CORE_PROD_PROPERTIES]([id]) );
INSERT INTO `CORE_PROPERTY_VALUES` VALUES(1,90009,'Male ','N',9);
INSERT INTO `CORE_PROPERTY_VALUES` VALUES(2,90009,'Female','N',9);
INSERT INTO `CORE_PROPERTY_VALUES` VALUES(3,90009,'Male ','N',10);
INSERT INTO `CORE_PROPERTY_VALUES` VALUES(4,90009,'Female','N',10);
INSERT INTO `CORE_PROPERTY_VALUES` VALUES(5,90009,'Male ','N',11);
INSERT INTO `CORE_PROPERTY_VALUES` VALUES(6,90009,'Female','N',11);
INSERT INTO `CORE_PROPERTY_VALUES` VALUES(7,90009,'Male ','N',12);
INSERT INTO `CORE_PROPERTY_VALUES` VALUES(8,90009,'Female','N',12);
INSERT INTO `CORE_PROPERTY_VALUES` VALUES(9,90009,'Yearly','N',27);
INSERT INTO `CORE_PROPERTY_VALUES` VALUES(10,90009,'Half yearly','N',27);
INSERT INTO `CORE_PROPERTY_VALUES` VALUES(11,90009,'Quarterly','N',27);
INSERT INTO `CORE_PROPERTY_VALUES` VALUES(12,90009,'Yearly','N',28);
INSERT INTO `CORE_PROPERTY_VALUES` VALUES(13,90009,'Half yearly','N',28);
INSERT INTO `CORE_PROPERTY_VALUES` VALUES(14,90009,'Self','N',77);
INSERT INTO `CORE_PROPERTY_VALUES` VALUES(15,90009,'Spouse','N',77);
INSERT INTO `CORE_PROPERTY_VALUES` VALUES(16,90009,'Child','N',77);
INSERT INTO `CORE_PROPERTY_VALUES` VALUES(17,90009,'Parent','N',77);
INSERT INTO `CORE_PROPERTY_VALUES` VALUES(18,90009,'Grandchild','N',77);
INSERT INTO `CORE_PROPERTY_VALUES` VALUES(19,90009,'Sibling','N',77);
INSERT INTO `CORE_PROPERTY_VALUES` VALUES(20,90009,'Self','N',78);
INSERT INTO `CORE_PROPERTY_VALUES` VALUES(21,90009,'Spouse','N',78);
INSERT INTO `CORE_PROPERTY_VALUES` VALUES(22,90009,'Child','N',78);
INSERT INTO `CORE_PROPERTY_VALUES` VALUES(23,90002,1,'N',79);
INSERT INTO `CORE_PROPERTY_VALUES` VALUES(24,90002,2,'N',79);
INSERT INTO `CORE_PROPERTY_VALUES` VALUES(25,90002,3,'N',79);
INSERT INTO `CORE_PROPERTY_VALUES` VALUES(26,90002,4,'N',79);
CREATE TABLE [CORE_PROD_TEMPLATE_MAPPING] ( 	"ID"		integer NOT NULL DEFAULT 0, 	"PROD_ID"		integer, 	"TEMPLATE_CONTEXT"		varchar(50), 	"TEMPLATE_TYPE"		varchar(255), 	"TEMPLATE_ID"		varchar(255) ,     FOREIGN KEY ([PROD_ID])         REFERENCES [CORE_PRODUCT_COMPONENT]([id]),     FOREIGN KEY ([TEMPLATE_TYPE])         REFERENCES [CORE_PROD_CODE_TYPE_LOOK_UP]([ID]),     FOREIGN KEY ([TEMPLATE_ID])         REFERENCES [CORE_PROD_TEMPLATES]([TEMPLATE_ID]) );
INSERT INTO `CORE_PROD_TEMPLATE_MAPPING` VALUES(1,1,'',22001,1001);
INSERT INTO `CORE_PROD_TEMPLATE_MAPPING` VALUES(2,1,'',22002,1002);
INSERT INTO `CORE_PROD_TEMPLATE_MAPPING` VALUES(3,1,'',22003,1003);
INSERT INTO `CORE_PROD_TEMPLATE_MAPPING` VALUES(4,1,'',22005,1004);
INSERT INTO `CORE_PROD_TEMPLATE_MAPPING` VALUES(5,1,'',22005,1005);
INSERT INTO `CORE_PROD_TEMPLATE_MAPPING` VALUES(6,1,'',22006,1006);
CREATE TABLE [CORE_PROD_TEMPLATES] ( 	"TEMPLATE_ID"		varchar(255) NOT NULL, 	"TEMPLATE_NAME"		varchar(255) NOT NULL, 	"VERSION"		text, 	"LANGUAGE"		varchar(50), 	"COUNTRY_CODE"		varchar(50)  );
INSERT INTO `CORE_PROD_TEMPLATES` VALUES(1001,'PersonalDetails','1.0','en','');
INSERT INTO `CORE_PROD_TEMPLATES` VALUES(1002,'IllustratorProductJson','1.0','en','');
INSERT INTO `CORE_PROD_TEMPLATES` VALUES(1003,'CI_IllustrationOutput','1.0','en','');
INSERT INTO `CORE_PROD_TEMPLATES` VALUES(1004,'Vietnam_IllustrationPDF_EN.jasper','1.0','en','');
INSERT INTO `CORE_PROD_TEMPLATES` VALUES(1005,'Vietnam_IllustrationPDF_VT.jasper','1.0','vt','');
INSERT INTO `CORE_PROD_TEMPLATES` VALUES(1006,'eAppProductJson','1.0','en','');
CREATE TABLE [CORE_PROD_RULE_SPEC] ( 	"ID"		integer PRIMARY KEY AUTOINCREMENT NOT NULL, 	"BASICDATACOMPLETECODE"		integer, 	"CONTEXTID"		integer, 	"CREATIONDATETIME"		date, 	"TRANSACTIONID"		varchar(255), 	"TYPENAME"		varchar(255), 	"ACTUAL_RULE_REF"		varchar(255), 	"CANBE_OVERWRITTEN_INDICATOR"		smallint, 	"COMMENT_ON_FAILURE"		varchar(255), 	"INPUT_PARAMETERS"		varchar(255), 	"NAME"		varchar(255), 	"GROUP_NAME"		varchar(255), 	"OUTPUT_PARAMETERS"		varchar(255), 	"VERSION"		varchar(255), 	"PARENTPRODUCT_ID"		integer, 	"RULETYPE_ID"		varchar(255), 	"MODIFIEDDATETIME"		datetime, 	"TRANSTRACKINGID"		varchar(255), 	"TRANSACTIONKEYS_ID"		integer ,     FOREIGN KEY ([parentProduct_id])         REFERENCES [CORE_PRODUCT_COMPONENT]([id]),     FOREIGN KEY ([ruleType_ID])         REFERENCES [CORE_PROD_CODE_TYPE_LOOK_UP]([ID]),     FOREIGN KEY ([transactionKeys_id])         REFERENCES [TransactionKeys]([id]) );
INSERT INTO `CORE_PROD_RULE_SPEC` VALUES(1,'','','','','','CIB_Validations',0,'','','CIB Validations',1,'',1,1,703,'','','');
CREATE TABLE [CORE_PROD_PROPERTIES] ( 	"ID"		integer PRIMARY KEY AUTOINCREMENT NOT NULL, 	"BASICDATACOMPLETECODE"		integer, 	"CONTEXTID"		integer, 	"CREATIONDATETIME"		date, 	"TRANSACTIONID"		varchar(255), 	"TYPENAME"		varchar(255), 	"CALCULATED_INDICATOR"		varchar(255), 	"CONSTANT_INDICATOR"		varchar(255), 	"DEFAULT_VALUE"		varchar(255), 	"MAX_VALUE"		varchar(255), 	"MIN_VALUE"		varchar(255), 	"NAME"		varchar(255), 	"OPTIONAL_INDICATOR"		varchar(255), 	"VERSION"		varchar(255), 	"PARENTPRODUCT_ID"		integer, 	"PROPERTYTYPE_ID"		varchar(255), 	"MODIFIEDDATETIME"		datetime, 	"TRANSTRACKINGID"		varchar(255), 	"TRANSACTIONKEYS_ID"		integer ,     FOREIGN KEY ([parentProduct_id])         REFERENCES [CORE_PRODUCT_COMPONENT]([id]),     FOREIGN KEY ([propertyType_ID])         REFERENCES [CORE_PROD_CODE_TYPE_LOOK_UP]([ID]),     FOREIGN KEY ([transactionKeys_id])         REFERENCES [TransactionKeys]([id]) );
INSERT INTO `CORE_PROD_PROPERTIES` VALUES(1,'','','','','','','',18,0,0,'Min Age for Life Assured','',1,1,88003,'','','');
INSERT INTO `CORE_PROD_PROPERTIES` VALUES(2,'','','','','','','',60,0,0,'Max Age for Life Assured','',1,1,88004,'','','');
INSERT INTO `CORE_PROD_PROPERTIES` VALUES(3,'','','','','','','',18,0,0,'Min Age for Policy Holder','',1,1,88179,'','','');
INSERT INTO `CORE_PROD_PROPERTIES` VALUES(4,'','','','','','','','',0,0,'Max Age for Policy Holder','',1,1,88180,'','','');
INSERT INTO `CORE_PROD_PROPERTIES` VALUES(5,'','','','','','','',18,0,0,'Min Age for Spouse','',1,1,95025,'','','');
INSERT INTO `CORE_PROD_PROPERTIES` VALUES(6,'','','','','','','','',0,0,'Max Age for Spouse','',1,1,95026,'','','');
INSERT INTO `CORE_PROD_PROPERTIES` VALUES(7,'','','','','','','','0.08219178000000000594571503143015434034168720245361328125',0,0,'Min Age for Child','',1,1,88267,'','','');
INSERT INTO `CORE_PROD_PROPERTIES` VALUES(8,'','','','','','','',60,0,0,'Max Age for Child','',1,1,88268,'','','');
INSERT INTO `CORE_PROD_PROPERTIES` VALUES(9,'','','','','','','','',0,0,'Gender of Main Insured','',1,1,88055,'','','');
INSERT INTO `CORE_PROD_PROPERTIES` VALUES(10,'','','','','','','','',0,0,'Gender of Spouse','',1,1,95027,'','','');
INSERT INTO `CORE_PROD_PROPERTIES` VALUES(11,'','','','','','','','',0,0,'Gender of Policy Holder','',1,1,88242,'','','');
INSERT INTO `CORE_PROD_PROPERTIES` VALUES(12,'','','','','','','','',0,0,'Gender of Child','',1,1,88269,'','','');
INSERT INTO `CORE_PROD_PROPERTIES` VALUES(13,'','','','','','','','0.08219178000000000594571503143015434034168720245361328125',0,0,'Min Age Level Term Rider','',1,2,88003,'','','');
INSERT INTO `CORE_PROD_PROPERTIES` VALUES(14,'','','','','','','',60,0,0,'Max Age Level Term Rider','',1,2,88004,'','','');
INSERT INTO `CORE_PROD_PROPERTIES` VALUES(15,'','','','','','','','0.08219178000000000594571503143015434034168720245361328125',0,0,'Min Age ADD Rider','',1,3,88003,'','','');
INSERT INTO `CORE_PROD_PROPERTIES` VALUES(16,'','','','','','','',60,0,0,'Max Age ADD Rider','',1,3,88004,'','','');
INSERT INTO `CORE_PROD_PROPERTIES` VALUES(17,'','','','','','','',1,0,0,'Min Age Hospital Cash Rider','',1,4,88003,'','','');
INSERT INTO `CORE_PROD_PROPERTIES` VALUES(18,'','','','','','','',60,0,0,'Max Age Hospital Cash Rider','',1,4,88004,'','','');
INSERT INTO `CORE_PROD_PROPERTIES` VALUES(19,'','','','','','','',18,0,0,'Min Age Critical Illness Rider','',1,5,88003,'','','');
INSERT INTO `CORE_PROD_PROPERTIES` VALUES(20,'','','','','','','',55,0,0,'Max Age Critical Illness Rider','',1,5,88004,'','','');
INSERT INTO `CORE_PROD_PROPERTIES` VALUES(21,'','','','','','','',18,0,0,'Min Age Critical Illness Waiver Rider','',1,6,88003,'','','');
INSERT INTO `CORE_PROD_PROPERTIES` VALUES(22,'','','','','','','',55,0,0,'Max Age Critical Illness Waiver Rider','',1,6,88004,'','','');
INSERT INTO `CORE_PROD_PROPERTIES` VALUES(23,'','','','','','','',18,0,0,'Min Age Financial Support','',1,7,88003,'','','');
INSERT INTO `CORE_PROD_PROPERTIES` VALUES(24,'','','','','','','',60,0,0,'Max Age Financial Support','',1,7,88004,'','','');
INSERT INTO `CORE_PROD_PROPERTIES` VALUES(25,'','','','','','','',18,0,0,'Min Age Waiver of Premium','',1,8,88003,'','','');
INSERT INTO `CORE_PROD_PROPERTIES` VALUES(26,'','','','','','','',60,0,0,'Max Age Waiver of Premium','',1,8,88004,'','','');
INSERT INTO `CORE_PROD_PROPERTIES` VALUES(27,'','','','','','','','',0,0,'Premium Frequency','',1,1,88102,'','','');
INSERT INTO `CORE_PROD_PROPERTIES` VALUES(28,'','','','','','','','',0,0,'Premium Frequency For Banca','',1,1,95122,'','','');
INSERT INTO `CORE_PROD_PROPERTIES` VALUES(29,'','','','','','','',25,0,0,'Min Policy Term','',1,1,88103,'','','');
INSERT INTO `CORE_PROD_PROPERTIES` VALUES(30,'','','','','','','',5,0,0,'Min Policy Term for LTR','',1,2,88103,'','','');
INSERT INTO `CORE_PROD_PROPERTIES` VALUES(31,'','','','','','','',5,0,0,'Min Policy Term for ADD','',1,3,88103,'','','');
INSERT INTO `CORE_PROD_PROPERTIES` VALUES(32,'','','','','','','',5,0,0,'Min Policy Term for HCR','',1,4,88103,'','','');
INSERT INTO `CORE_PROD_PROPERTIES` VALUES(33,'','','','','','','',5,0,0,'Min Policy Term for CIR','',1,5,88103,'','','');
INSERT INTO `CORE_PROD_PROPERTIES` VALUES(34,'','','','','','','',5,0,0,'Min Policy Term for CIWR','',1,6,88103,'','','');
INSERT INTO `CORE_PROD_PROPERTIES` VALUES(35,'','','','','','','',5,0,0,'Min Policy Term for FSR','',1,7,88103,'','','');
INSERT INTO `CORE_PROD_PROPERTIES` VALUES(36,'','','','','','','',5,0,0,'Min Policy Term for WOP','',1,8,88103,'','','');
INSERT INTO `CORE_PROD_PROPERTIES` VALUES(37,'','','','','','','',12,0,0,'Min Premium Paying Term','',1,1,88092,'','','');
INSERT INTO `CORE_PROD_PROPERTIES` VALUES(38,'','','','','','','',5,0,0,'Min Premium Paying Term for LTR','',1,2,88092,'','','');
INSERT INTO `CORE_PROD_PROPERTIES` VALUES(39,'','','','','','','',5,0,0,'Min Premium Paying Term for ADD','',1,3,88092,'','','');
INSERT INTO `CORE_PROD_PROPERTIES` VALUES(40,'','','','','','','',5,0,0,'Min Premium Paying Term for HCR','',1,4,88092,'','','');
INSERT INTO `CORE_PROD_PROPERTIES` VALUES(41,'','','','','','','',5,0,0,'Min Premium Paying Term for CIR','',1,5,88092,'','','');
INSERT INTO `CORE_PROD_PROPERTIES` VALUES(42,'','','','','','','',5,0,0,'Min Premium Paying Term for CIWR','',1,6,88092,'','','');
INSERT INTO `CORE_PROD_PROPERTIES` VALUES(43,'','','','','','','',5,0,0,'Min Premium Paying Term for FSR','',1,7,88092,'','','');
INSERT INTO `CORE_PROD_PROPERTIES` VALUES(44,'','','','','','','',5,0,0,'Min Premium Paying Term for WOP','',1,8,88092,'','','');
INSERT INTO `CORE_PROD_PROPERTIES` VALUES(45,'','','','','','','',15,0,0,'Max Premium Paying Term','',1,1,88093,'','','');
INSERT INTO `CORE_PROD_PROPERTIES` VALUES(46,'','','','','','','',85,0,0,'Expiry Age','',1,1,88171,'','','');
INSERT INTO `CORE_PROD_PROPERTIES` VALUES(47,'','','','','','','',70,0,0,'Expiry Age for LTR','',1,2,88171,'','','');
INSERT INTO `CORE_PROD_PROPERTIES` VALUES(48,'','','','','','','',70,0,0,'Expiry Age for ADD','',1,3,88171,'','','');
INSERT INTO `CORE_PROD_PROPERTIES` VALUES(49,'','','','','','','',65,0,0,'Expiry Age for HCR','',1,4,88171,'','','');
INSERT INTO `CORE_PROD_PROPERTIES` VALUES(50,'','','','','','','',65,0,0,'Expiry Age for CIR','',1,5,88171,'','','');
INSERT INTO `CORE_PROD_PROPERTIES` VALUES(51,'','','','','','','',65,0,0,'Expiry Age for CIWR','',1,6,88171,'','','');
INSERT INTO `CORE_PROD_PROPERTIES` VALUES(52,'','','','','','','',65,0,0,'Expiry Age for FSR','',1,7,88171,'','','');
INSERT INTO `CORE_PROD_PROPERTIES` VALUES(53,'','','','','','','',65,0,0,'Expiry Age for WOP','',1,8,88171,'','','');
INSERT INTO `CORE_PROD_PROPERTIES` VALUES(54,'','','','','','','',7000000,0,0,'Min Yearly Premium','',1,1,88036,'','','');
INSERT INTO `CORE_PROD_PROPERTIES` VALUES(55,'','','','','','','',3710000,0,0,'Min Half Yearly Premium','',1,1,88215,'','','');
INSERT INTO `CORE_PROD_PROPERTIES` VALUES(56,'','','','','','','',1890000,0,0,'Min Quarterly Premium','',1,1,88216,'','','');
INSERT INTO `CORE_PROD_PROPERTIES` VALUES(57,'','','','','','','',7000000,0,0,'Min Yearly Premium for Banca','',1,1,95123,'','','');
INSERT INTO `CORE_PROD_PROPERTIES` VALUES(58,'','','','','','','',5300000,0,0,'Min Half Yearly Premium for Banca','',1,1,95124,'','','');
INSERT INTO `CORE_PROD_PROPERTIES` VALUES(59,'','','','','','','',999999999,0,0,'Max Premium','',1,1,88109,'','','');
INSERT INTO `CORE_PROD_PROPERTIES` VALUES(60,'','','','','','','',999999999,0,0,'Max Premium for Banca','',1,1,95125,'','','');
INSERT INTO `CORE_PROD_PROPERTIES` VALUES(61,'','','','','','','',50000000,0,0,'Min SA','',1,1,88018,'','','');
INSERT INTO `CORE_PROD_PROPERTIES` VALUES(62,'','','','','','','',50000000,0,0,'Min SA for LTR','',1,2,88018,'','','');
INSERT INTO `CORE_PROD_PROPERTIES` VALUES(63,'','','','','','','',50000000,0,0,'Min SA for ADD','',1,3,88018,'','','');
INSERT INTO `CORE_PROD_PROPERTIES` VALUES(64,'','','','','','','',100000,0,0,'Min SA for HCR','',1,4,88018,'','','');
INSERT INTO `CORE_PROD_PROPERTIES` VALUES(65,'','','','','','','',50000000,0,0,'Min SA for CIR','',1,5,88018,'','','');
INSERT INTO `CORE_PROD_PROPERTIES` VALUES(66,'','','','','','','','0.1000000000000000055511151231257827021181583404541015625',0,0,'Min SA for FSR','',1,7,88018,'','','');
INSERT INTO `CORE_PROD_PROPERTIES` VALUES(67,'','','','','','','',2000000000,0,0,'Max SA for LTR Juvenile','',1,2,95015,'','','');
INSERT INTO `CORE_PROD_PROPERTIES` VALUES(68,'','','','','','','',5,0,0,'Max SA for LTR Adult','',1,2,88031,'','','');
INSERT INTO `CORE_PROD_PROPERTIES` VALUES(69,'','','','','','','',2000000000,0,0,'Max SA for ADD Juvenile','',1,3,95015,'','','');
INSERT INTO `CORE_PROD_PROPERTIES` VALUES(70,'','','','','','','',3,0,0,'Max SA for ADD Adult','',1,3,88031,'','','');
INSERT INTO `CORE_PROD_PROPERTIES` VALUES(71,'','','','','','','',500000,0,0,'Max SA for HCR Juvenile','',1,4,95015,'','','');
INSERT INTO `CORE_PROD_PROPERTIES` VALUES(72,'','','','','','','',2000000,0,0,'Max SA for HCR Adult','',1,4,88031,'','','');
INSERT INTO `CORE_PROD_PROPERTIES` VALUES(73,'','','','','','','',1000000000,0,0,'Max SA for CIR Adult','',1,5,88031,'','','');
INSERT INTO `CORE_PROD_PROPERTIES` VALUES(74,'','','','','','','',99999999999999,0,0,'Max SA for CIWR Adult','',1,6,88031,'','','');
INSERT INTO `CORE_PROD_PROPERTIES` VALUES(75,'','','','','','','','0.299999999999999988897769753748434595763683319091796875',0,0,'Max SA for FSR Adult','',1,7,88031,'','','');
INSERT INTO `CORE_PROD_PROPERTIES` VALUES(76,'','','','','','','',99999999999999,0,0,'Max SA for WOP Adult','',1,8,88031,'','','');
INSERT INTO `CORE_PROD_PROPERTIES` VALUES(77,'','','','','','','','',0,0,'Relationship of Main Insured to PO','',1,1,95126,'','','');
INSERT INTO `CORE_PROD_PROPERTIES` VALUES(78,'','','','','','','','',0,0,'Relationship of Additional Insured to PO','',1,1,95127,'','','');
INSERT INTO `CORE_PROD_PROPERTIES` VALUES(79,'','','','','','','','',0,0,'Occupation Class','',1,1,95007,'','','');
INSERT INTO `CORE_PROD_PROPERTIES` VALUES(80,'','','','','','','','Regular',0,0,'Premium Type','',1,1,88107,'','','');
INSERT INTO `CORE_PROD_PROPERTIES` VALUES(81,'','','','','','','','VND',0,0,'currency','',1,1,88006,'','','');
INSERT INTO `CORE_PROD_PROPERTIES` VALUES(82,'','','','','','','','',0,0,'Sum Assured','',1,1,88506,'','','');
INSERT INTO `CORE_PROD_PROPERTIES` VALUES(83,'','','','','','','','',0,0,'Premium Amount','',1,1,88122,'','','');
CREATE TABLE [CORE_PROD_FUND_MAPPING]
("ID" integer PRIMARY KEY AUTOINCREMENT NOT NULL,
"PROD_ID" integer,
"FUND_ID" integer ,
FOREIGN KEY ([PROD_ID]) REFERENCES [CORE_PRODUCT_COMPONENT]([id]),
FOREIGN KEY ([FUND_ID]) REFERENCES [CORE_PROD_FUNDS]([ID]),
FOREIGN KEY ([FUND_ID]) REFERENCES [CORE_PROD_FUNDS]([ID]) );
CREATE TABLE [CORE_PROD_FUNDS] 
( "ID" integer PRIMARY KEY AUTOINCREMENT NOT NULL,
"FUND_NAME" varchar(40),
"FUND_CATEGORY1_ID" varchar(255),
"FUND_CATEGORY2_ID" varchar(255),
"FUND_CODE" varchar(255) ,
FOREIGN KEY ([FUND_CATEGORY1_ID]) REFERENCES [CORE_PROD_CODE_TYPE_LOOK_UP]([ID]),
FOREIGN KEY ([FUND_CATEGORY1_ID]) REFERENCES [CORE_PROD_CODE_TYPE_LOOK_UP]([ID]),
FOREIGN KEY ([FUND_CATEGORY2_ID]) REFERENCES [CORE_PROD_CODE_TYPE_LOOK_UP]([ID]), 
FOREIGN KEY ([FUND_CATEGORY2_ID]) REFERENCES [CORE_PROD_CODE_TYPE_LOOK_UP]([ID]) );
CREATE TABLE [CORE_PROD_COLLATERALS] 
("ID" integer PRIMARY KEY AUTOINCREMENT NOT NULL,
"PROD_ID" integer NOT NULL,
"FILE_NAME" varchar(80),
"DOCUMENT_TYPE_ID" varchar(255),
"FILE_TYPE_ID" varchar(255),
"CREATED_DATE" date,
"UPDATED_DATE" date,
"CREATED_USER" varchar(40),
"UPDATED_USER" varchar(40),
"LANGUAGE" varchar(40) ,
FOREIGN KEY ([PROD_ID]) REFERENCES [CORE_PRODUCT_COMPONENT]([id]),
FOREIGN KEY ([DOCUMENT_TYPE_ID]) REFERENCES [CORE_PROD_CODE_TYPE_LOOK_UP]([ID]),
FOREIGN KEY ([DOCUMENT_TYPE_ID]) REFERENCES [CORE_PROD_CODE_TYPE_LOOK_UP]([ID]),
FOREIGN KEY ([FILE_TYPE_ID]) REFERENCES [CORE_PROD_CODE_TYPE_LOOK_UP]([ID]),
FOREIGN KEY ([FILE_TYPE_ID]) REFERENCES [CORE_PROD_CODE_TYPE_LOOK_UP]([ID]) );
INSERT INTO `CORE_PROD_COLLATERALS` VALUES(1,1,'CI_Endowment.PNG',1111002,1211001,'','','','','');
INSERT INTO `CORE_PROD_COLLATERALS` VALUES(2,1,'BaoAnToanDien.pdf',1111000,1211000,'','','','','');
CREATE TABLE [CORE_PROD_CODE_TYPE_LOOK_UP] ( 	"TYPE"		varchar(31) NOT NULL, 	"ID"		varchar(255) NOT NULL, 	"DESCRIPTION"		varchar(255), 	"CODE_MAPPING_KEY"		varchar(255)  );
INSERT INTO `CORE_PROD_CODE_TYPE_LOOK_UP` VALUES('Document_Types',1111000,'Brochure','');
INSERT INTO `CORE_PROD_CODE_TYPE_LOOK_UP` VALUES('Document_Types',1111001,'Leaflet','');
INSERT INTO `CORE_PROD_CODE_TYPE_LOOK_UP` VALUES('Document_Types',1111002,'Image','');
INSERT INTO `CORE_PROD_CODE_TYPE_LOOK_UP` VALUES('Document_Types',1111003,'Video','');
INSERT INTO `CORE_PROD_CODE_TYPE_LOOK_UP` VALUES('Document_Types',1111004,'PPT','');
INSERT INTO `CORE_PROD_CODE_TYPE_LOOK_UP` VALUES('Document_Types',1111005,'FAQ','');
INSERT INTO `CORE_PROD_CODE_TYPE_LOOK_UP` VALUES('File_Types',1211000,'PDF','');
INSERT INTO `CORE_PROD_CODE_TYPE_LOOK_UP` VALUES('File_Types',1211001,'PNG','');
INSERT INTO `CORE_PROD_CODE_TYPE_LOOK_UP` VALUES('File_Types',1211002,'JPEG','');
INSERT INTO `CORE_PROD_CODE_TYPE_LOOK_UP` VALUES('File_Types',1211003,'DOC','');
INSERT INTO `CORE_PROD_CODE_TYPE_LOOK_UP` VALUES('File_Types',1211004,'JPG','');
INSERT INTO `CORE_PROD_CODE_TYPE_LOOK_UP` VALUES('File_Types',1211005,'WMV','');
INSERT INTO `CORE_PROD_CODE_TYPE_LOOK_UP` VALUES('Template_Type',22001,'Illustrator Personal Details','illustratorPersonalDetails');
INSERT INTO `CORE_PROD_CODE_TYPE_LOOK_UP` VALUES('Template_Type',22002,'Input Template Illustration Product','input');
INSERT INTO `CORE_PROD_CODE_TYPE_LOOK_UP` VALUES('Template_Type',22003,'Output Template Illustration Product','output');
INSERT INTO `CORE_PROD_CODE_TYPE_LOOK_UP` VALUES('Template_Type',22004,'E_App Template','eAppPdfTemplate');
INSERT INTO `CORE_PROD_CODE_TYPE_LOOK_UP` VALUES('Template_type',22005,'Illustration PDF Template','illustrationPdfTemplate');
INSERT INTO `CORE_PROD_CODE_TYPE_LOOK_UP` VALUES('Template_Type',22006,'E_AppInputTemplate','eAppInputTemplate');
INSERT INTO `CORE_PROD_CODE_TYPE_LOOK_UP` VALUES('Template_Type',22007,'eAppQuestionnaire','E_App Questionnaire Template');
INSERT INTO `CORE_PROD_CODE_TYPE_LOOK_UP` VALUES('Calculation',50101,'Premium Calc','');
INSERT INTO `CORE_PROD_CODE_TYPE_LOOK_UP` VALUES('Calculation',50102,'Benefit Calc','');
INSERT INTO `CORE_PROD_CODE_TYPE_LOOK_UP` VALUES('Calculation',50103,'Commision Calc','');
INSERT INTO `CORE_PROD_CODE_TYPE_LOOK_UP` VALUES('Calculation',50104,'Tax Calc','');
INSERT INTO `CORE_PROD_CODE_TYPE_LOOK_UP` VALUES('Calculation',50105,'Profit Share Calc','');
INSERT INTO `CORE_PROD_CODE_TYPE_LOOK_UP` VALUES('Calculation',50106,'Surrender Value Calc','');
INSERT INTO `CORE_PROD_CODE_TYPE_LOOK_UP` VALUES('Calculation',50107,'Reserve Calc','');
INSERT INTO `CORE_PROD_CODE_TYPE_LOOK_UP` VALUES('Calculation',50108,'Cash Value','');
INSERT INTO `CORE_PROD_CODE_TYPE_LOOK_UP` VALUES('Calculation',50109,'Sub Standard Rating','');
INSERT INTO `CORE_PROD_CODE_TYPE_LOOK_UP` VALUES('Calculation',50110,'Refund Calc','');
INSERT INTO `CORE_PROD_CODE_TYPE_LOOK_UP` VALUES('Calculation',50111,'Supplementary Benefit Premium Calc','');
INSERT INTO `CORE_PROD_CODE_TYPE_LOOK_UP` VALUES('Calculation',50112,'Disability Rider Premium Calc','');
INSERT INTO `CORE_PROD_CODE_TYPE_LOOK_UP` VALUES('Calculation',50113,'End Of Year Age Calc','');
INSERT INTO `CORE_PROD_CODE_TYPE_LOOK_UP` VALUES('Calculation',50114,'Death Benefit Calc','');
INSERT INTO `CORE_PROD_CODE_TYPE_LOOK_UP` VALUES('Calculation',50115,'Cumulative Premium Calc','');
INSERT INTO `CORE_PROD_CODE_TYPE_LOOK_UP` VALUES('Calculation',50116,'Cash Surrender Value Calc','');
INSERT INTO `CORE_PROD_CODE_TYPE_LOOK_UP` VALUES('Calculation',50117,'Disability Rider Premium Calc','');
INSERT INTO `CORE_PROD_CODE_TYPE_LOOK_UP` VALUES('Calculation',50118,'Benefit Illustration','');
INSERT INTO `CORE_PROD_CODE_TYPE_LOOK_UP` VALUES('Calculation',50119,'Look Up','');
INSERT INTO `CORE_PROD_CODE_TYPE_LOOK_UP` VALUES('Calculation',50120,'Rate Calc','');
INSERT INTO `CORE_PROD_CODE_TYPE_LOOK_UP` VALUES('Calculation',50121,'Offline DB','');
INSERT INTO `CORE_PROD_CODE_TYPE_LOOK_UP` VALUES('Calculation',50122,'Guideline','');
INSERT INTO `CORE_PROD_CODE_TYPE_LOOK_UP` VALUES('Product_Group',51001,'Traditional','');
INSERT INTO `CORE_PROD_CODE_TYPE_LOOK_UP` VALUES('Product_Group',51002,'ULIP','');
INSERT INTO `CORE_PROD_CODE_TYPE_LOOK_UP` VALUES('Rule',702,'Product Composition Rule','');
INSERT INTO `CORE_PROD_CODE_TYPE_LOOK_UP` VALUES('Rule',703,'Eligibility Rule','');
INSERT INTO `CORE_PROD_CODE_TYPE_LOOK_UP` VALUES('Rule',704,'Underwriting Rule','');
INSERT INTO `CORE_PROD_CODE_TYPE_LOOK_UP` VALUES('Rule',705,'Min Age Validation','');
INSERT INTO `CORE_PROD_CODE_TYPE_LOOK_UP` VALUES('Rule',706,'Max Age Validation','');
INSERT INTO `CORE_PROD_CODE_TYPE_LOOK_UP` VALUES('Rule',707,'Min SA Validation','');
INSERT INTO `CORE_PROD_CODE_TYPE_LOOK_UP` VALUES('Rule',708,'Max SA Validation','');
INSERT INTO `CORE_PROD_CODE_TYPE_LOOK_UP` VALUES('Rule',709,'Min Premium Validation','');
INSERT INTO `CORE_PROD_CODE_TYPE_LOOK_UP` VALUES('Rule',710,'Allowable SA Validation','');
INSERT INTO `CORE_PROD_CODE_TYPE_LOOK_UP` VALUES('Rule',711,'Maturity Age Validation','');
INSERT INTO `CORE_PROD_CODE_TYPE_LOOK_UP` VALUES('Rule',712,'Max Premium Validation','');
INSERT INTO `CORE_PROD_CODE_TYPE_LOOK_UP` VALUES('Rule',713,'Max Maturity Age Validation','');
INSERT INTO `CORE_PROD_CODE_TYPE_LOOK_UP` VALUES('Rule',714,'Base SA Validation','');
INSERT INTO `CORE_PROD_CODE_TYPE_LOOK_UP` VALUES('Rule',715,'Expiry Age Validation','');
INSERT INTO `CORE_PROD_CODE_TYPE_LOOK_UP` VALUES('Rule',716,'Selection Validation','');
INSERT INTO `CORE_PROD_CODE_TYPE_LOOK_UP` VALUES('Rule',717,'Life Insured Age Validation','');
INSERT INTO `CORE_PROD_CODE_TYPE_LOOK_UP` VALUES('Rule',718,'Loan Allowed Validation','');
INSERT INTO `CORE_PROD_CODE_TYPE_LOOK_UP` VALUES('Rule',719,'Loan and Surrender Validation','');
INSERT INTO `CORE_PROD_CODE_TYPE_LOOK_UP` VALUES('Rule',720,'Max Term Validation','');
INSERT INTO `CORE_PROD_CODE_TYPE_LOOK_UP` VALUES('Rule',721,'Min Term Validation','');
INSERT INTO `CORE_PROD_CODE_TYPE_LOOK_UP` VALUES('Rule',722,'PPT Validation','');
INSERT INTO `CORE_PROD_CODE_TYPE_LOOK_UP` VALUES('Rule',723,'Rider Term Validation','');
INSERT INTO `CORE_PROD_CODE_TYPE_LOOK_UP` VALUES('Rule',724,'Rider Premium Validation','');
INSERT INTO `CORE_PROD_CODE_TYPE_LOOK_UP` VALUES('Rule',725,'Min Annual Premium for 10,15 and 20 Pay variants Validation','');
INSERT INTO `CORE_PROD_CODE_TYPE_LOOK_UP` VALUES('Rule',726,'Min Annual Premium for 7 Pay variants Validation','');
INSERT INTO `CORE_PROD_CODE_TYPE_LOOK_UP` VALUES('Rule',727,'Max Entry Age for Payor Rider Validation','');
INSERT INTO `CORE_PROD_CODE_TYPE_LOOK_UP` VALUES('Rule',728,'Max Maturity Benefit Validation','');
INSERT INTO `CORE_PROD_CODE_TYPE_LOOK_UP` VALUES('Rule',729,'Min Partial Withdrawal Validation','');
INSERT INTO `CORE_PROD_CODE_TYPE_LOOK_UP` VALUES('Rule',730,'Min Entry Age for Payor','');
INSERT INTO `CORE_PROD_CODE_TYPE_LOOK_UP` VALUES('Rule',731,'Payor Details Missing','');
INSERT INTO `CORE_PROD_CODE_TYPE_LOOK_UP` VALUES('Rule',732,'Payor and Insured same','');
INSERT INTO `CORE_PROD_CODE_TYPE_LOOK_UP` VALUES('Rule',733,'Min ATP for Single Pay Validation','');
INSERT INTO `CORE_PROD_CODE_TYPE_LOOK_UP` VALUES('Rule',734,'Min ATP for Regular Pay Validation','');
INSERT INTO `CORE_PROD_CODE_TYPE_LOOK_UP` VALUES('Rule',735,'Min Vesting Age Validation','');
INSERT INTO `CORE_PROD_CODE_TYPE_LOOK_UP` VALUES('Rule',736,'Max Vesting Age Validation','');
INSERT INTO `CORE_PROD_CODE_TYPE_LOOK_UP` VALUES('Rule',737,'Min Topups Validation','');
INSERT INTO `CORE_PROD_CODE_TYPE_LOOK_UP` VALUES('Rule',738,'Partner Care Rider Maximum Age Validation','');
INSERT INTO `CORE_PROD_CODE_TYPE_LOOK_UP` VALUES('Rule',739,'Policy Term Validation','');
INSERT INTO `CORE_PROD_CODE_TYPE_LOOK_UP` VALUES('Rule',740,'Validation Rule','');
INSERT INTO `CORE_PROD_CODE_TYPE_LOOK_UP` VALUES('Rule',741,'GuideLine Rule','');
INSERT INTO `CORE_PROD_CODE_TYPE_LOOK_UP` VALUES('Category',79001,'Term','');
INSERT INTO `CORE_PROD_CODE_TYPE_LOOK_UP` VALUES('Category',79002,'Whole Life','');
INSERT INTO `CORE_PROD_CODE_TYPE_LOOK_UP` VALUES('Category',79003,'Universal Life','');
INSERT INTO `CORE_PROD_CODE_TYPE_LOOK_UP` VALUES('Category',79004,'Variable Universal Life','');
INSERT INTO `CORE_PROD_CODE_TYPE_LOOK_UP` VALUES('Category',79005,'Unit Linked','');
INSERT INTO `CORE_PROD_CODE_TYPE_LOOK_UP` VALUES('Category',79006,'Annuity','');
INSERT INTO `CORE_PROD_CODE_TYPE_LOOK_UP` VALUES('Category',79007,'Endowment','');
INSERT INTO `CORE_PROD_CODE_TYPE_LOOK_UP` VALUES('Category',79008,'Moneyback','');
INSERT INTO `CORE_PROD_CODE_TYPE_LOOK_UP` VALUES('Category',79009,'Investment','');
INSERT INTO `CORE_PROD_CODE_TYPE_LOOK_UP` VALUES('Category',79010,'Protection','');
INSERT INTO `CORE_PROD_CODE_TYPE_LOOK_UP` VALUES('Category',79011,'Pension','');
INSERT INTO `CORE_PROD_CODE_TYPE_LOOK_UP` VALUES('Product',802,'Damage coverage','');
INSERT INTO `CORE_PROD_CODE_TYPE_LOOK_UP` VALUES('Product',803,'Death coverage','');
INSERT INTO `CORE_PROD_CODE_TYPE_LOOK_UP` VALUES('Product',804,'Disability coverage','');
INSERT INTO `CORE_PROD_CODE_TYPE_LOOK_UP` VALUES('Product',805,'Liability coverage','');
INSERT INTO `CORE_PROD_CODE_TYPE_LOOK_UP` VALUES('Product',806,'Unemployment coverage','');
INSERT INTO `CORE_PROD_CODE_TYPE_LOOK_UP` VALUES('Product',807,'Annuity coverage','');
INSERT INTO `CORE_PROD_CODE_TYPE_LOOK_UP` VALUES('Product',808,'Health coverage','');
INSERT INTO `CORE_PROD_CODE_TYPE_LOOK_UP` VALUES('Product',809,'Legal defence coverage','');
INSERT INTO `CORE_PROD_CODE_TYPE_LOOK_UP` VALUES('Lob',80900,'Life Insurance','');
INSERT INTO `CORE_PROD_CODE_TYPE_LOOK_UP` VALUES('Lob',80901,'Crisis Benefit','');
INSERT INTO `CORE_PROD_CODE_TYPE_LOOK_UP` VALUES('Lob',80902,'Accident Insurance','');
INSERT INTO `CORE_PROD_CODE_TYPE_LOOK_UP` VALUES('Lob',80903,'Medical Plan','');
INSERT INTO `CORE_PROD_CODE_TYPE_LOOK_UP` VALUES('Lob',80904,'Hospital Income','');
INSERT INTO `CORE_PROD_CODE_TYPE_LOOK_UP` VALUES('Lob',80905,'Individual Life','');
INSERT INTO `CORE_PROD_CODE_TYPE_LOOK_UP` VALUES('Lob',80906,'Annuities','');
INSERT INTO `CORE_PROD_CODE_TYPE_LOOK_UP` VALUES('Product',810,'Assistance coverage','');
INSERT INTO `CORE_PROD_CODE_TYPE_LOOK_UP` VALUES('Product',811,'Deficiency coverage','');
INSERT INTO `CORE_PROD_CODE_TYPE_LOOK_UP` VALUES('Product',812,'Basic','');
INSERT INTO `CORE_PROD_CODE_TYPE_LOOK_UP` VALUES('Product',813,'Rider','');
INSERT INTO `CORE_PROD_CODE_TYPE_LOOK_UP` VALUES('Product',814,'Plan','');
INSERT INTO `CORE_PROD_CODE_TYPE_LOOK_UP` VALUES('role',86000,'Beneficiary','');
INSERT INTO `CORE_PROD_CODE_TYPE_LOOK_UP` VALUES('role',86001,'Policy Holder','');
INSERT INTO `CORE_PROD_CODE_TYPE_LOOK_UP` VALUES('role',86002,'Premium Payer','');
INSERT INTO `CORE_PROD_CODE_TYPE_LOOK_UP` VALUES('role',86003,'Insured','');
INSERT INTO `CORE_PROD_CODE_TYPE_LOOK_UP` VALUES('role',86004,'Object','');
INSERT INTO `CORE_PROD_CODE_TYPE_LOOK_UP` VALUES('role',86005,'Coverage Premium','');
INSERT INTO `CORE_PROD_CODE_TYPE_LOOK_UP` VALUES('role',86006,'Coverage Benefit','');
INSERT INTO `CORE_PROD_CODE_TYPE_LOOK_UP` VALUES('role',86007,'Inclusion Endorsement','');
INSERT INTO `CORE_PROD_CODE_TYPE_LOOK_UP` VALUES('role',86008,'Exclusion Endorsement','');
INSERT INTO `CORE_PROD_CODE_TYPE_LOOK_UP` VALUES('role',86009,'Additional Member','');
INSERT INTO `CORE_PROD_CODE_TYPE_LOOK_UP` VALUES('role',86010,'Rate Table','');
INSERT INTO `CORE_PROD_CODE_TYPE_LOOK_UP` VALUES('role',86011,'Charge Table','');
INSERT INTO `CORE_PROD_CODE_TYPE_LOOK_UP` VALUES('role',86012,'Taxation Table','');
INSERT INTO `CORE_PROD_CODE_TYPE_LOOK_UP` VALUES('role',86013,'Product Manager','');
INSERT INTO `CORE_PROD_CODE_TYPE_LOOK_UP` VALUES('role',86014,'Product Developer','');
INSERT INTO `CORE_PROD_CODE_TYPE_LOOK_UP` VALUES('role',86015,'Insurer','');
INSERT INTO `CORE_PROD_CODE_TYPE_LOOK_UP` VALUES('role',86016,'Substandard Rating Table','');
INSERT INTO `CORE_PROD_CODE_TYPE_LOOK_UP` VALUES('role',86017,'Band Rate Table','');
INSERT INTO `CORE_PROD_CODE_TYPE_LOOK_UP` VALUES('role',86018,'UW Band Table','');
INSERT INTO `CORE_PROD_CODE_TYPE_LOOK_UP` VALUES('Property',88000,'Selling Channel','sellingChannel');
INSERT INTO `CORE_PROD_CODE_TYPE_LOOK_UP` VALUES('Property',88001,'Jurisdiction','jurisdiction');
INSERT INTO `CORE_PROD_CODE_TYPE_LOOK_UP` VALUES('Property',88002,'Term Years','termYears');
INSERT INTO `CORE_PROD_CODE_TYPE_LOOK_UP` VALUES('Property',88003,'Min Issue Age','minIssueAge');
INSERT INTO `CORE_PROD_CODE_TYPE_LOOK_UP` VALUES('Property',88004,'Max Issue Age','maxIssueAge');
INSERT INTO `CORE_PROD_CODE_TYPE_LOOK_UP` VALUES('Property',88005,'DOB','dob');
INSERT INTO `CORE_PROD_CODE_TYPE_LOOK_UP` VALUES('Property',88006,'Currency','currency');
INSERT INTO `CORE_PROD_CODE_TYPE_LOOK_UP` VALUES('Property',88007,'Suicide Cluase','suicideCluase');
INSERT INTO `CORE_PROD_CODE_TYPE_LOOK_UP` VALUES('Property',88008,'Contestable Period','contestablePeriod');
INSERT INTO `CORE_PROD_CODE_TYPE_LOOK_UP` VALUES('Property',88009,'Insurance Age','insuranceAge');
INSERT INTO `CORE_PROD_CODE_TYPE_LOOK_UP` VALUES('Property',88010,'Renewable till Age','renewableTillAge');
INSERT INTO `CORE_PROD_CODE_TYPE_LOOK_UP` VALUES('Property',88011,'Renewal Payment Mode','renewalPaymentMode');
INSERT INTO `CORE_PROD_CODE_TYPE_LOOK_UP` VALUES('Property',88012,'Initial Payment Method','initialPaymentMethod');
INSERT INTO `CORE_PROD_CODE_TYPE_LOOK_UP` VALUES('Property',88013,'FreeLook Period','freeLookPeriod');
INSERT INTO `CORE_PROD_CODE_TYPE_LOOK_UP` VALUES('Property',88014,'Grace Period','gracePeriod');
INSERT INTO `CORE_PROD_CODE_TYPE_LOOK_UP` VALUES('Property',88015,'Policy Change Duration','policyChangeDuration');
INSERT INTO `CORE_PROD_CODE_TYPE_LOOK_UP` VALUES('Property',88016,'STP Policy Change Duration','STPPolicyChangeDuration');
INSERT INTO `CORE_PROD_CODE_TYPE_LOOK_UP` VALUES('Property',88017,'Face Increase Allowed','faceIncreaseAllowed');
INSERT INTO `CORE_PROD_CODE_TYPE_LOOK_UP` VALUES('Property',88018,'Min Sum Assured','minSumAssured');
INSERT INTO `CORE_PROD_CODE_TYPE_LOOK_UP` VALUES('Property',88019,'Face Decrease Allowed','decreaseAllowed');
INSERT INTO `CORE_PROD_CODE_TYPE_LOOK_UP` VALUES('Property',88020,'Face Decrease Allowable Duration','faceDecreaseAllowableDuration');
INSERT INTO `CORE_PROD_CODE_TYPE_LOOK_UP` VALUES('Property',88021,'Rider Allowed to Be added','riderAllowedtoBeadded');
INSERT INTO `CORE_PROD_CODE_TYPE_LOOK_UP` VALUES('Property',88022,'Rider Allowed to be removed','riderAllowedtobeRemoved');
INSERT INTO `CORE_PROD_CODE_TYPE_LOOK_UP` VALUES('Property',88023,'Term Period Changes','termPeriodChanges');
INSERT INTO `CORE_PROD_CODE_TYPE_LOOK_UP` VALUES('Property',88024,'Risk Class Change','riskClassChange');
INSERT INTO `CORE_PROD_CODE_TYPE_LOOK_UP` VALUES('Property',88025,'Avaliable for Risk Classifications','avaliableforRiskClassifications');
INSERT INTO `CORE_PROD_CODE_TYPE_LOOK_UP` VALUES('Property',88026,'Auto. Included at Issue','autoIncludedAtIssue');
INSERT INTO `CORE_PROD_CODE_TYPE_LOOK_UP` VALUES('Property',88027,'Available After Issue','availableAfterIssue');
INSERT INTO `CORE_PROD_CODE_TYPE_LOOK_UP` VALUES('Property',88028,'Reinstate Allowed','reinstateAllowed');
INSERT INTO `CORE_PROD_CODE_TYPE_LOOK_UP` VALUES('Property',88029,'Min Age','minAge');
INSERT INTO `CORE_PROD_CODE_TYPE_LOOK_UP` VALUES('Property',88030,'Max Age','maxAge');
INSERT INTO `CORE_PROD_CODE_TYPE_LOOK_UP` VALUES('Property',88031,'Max Sum Assured','maxSumAssured');
INSERT INTO `CORE_PROD_CODE_TYPE_LOOK_UP` VALUES('Property',88032,'Fixed Sum Assured','fixedSumAssured');
INSERT INTO `CORE_PROD_CODE_TYPE_LOOK_UP` VALUES('Property',88033,'Payment Period','paymentPeriod');
INSERT INTO `CORE_PROD_CODE_TYPE_LOOK_UP` VALUES('Property',88034,'Min Gross Annual Prem','minGrossAnnual Prem');
INSERT INTO `CORE_PROD_CODE_TYPE_LOOK_UP` VALUES('Property',88035,'Min Gross Mth Prem','minGrossMthPrem');
INSERT INTO `CORE_PROD_CODE_TYPE_LOOK_UP` VALUES('Property',88036,'Min Annual Basic Prem','minAnnualBasicPrem');
INSERT INTO `CORE_PROD_CODE_TYPE_LOOK_UP` VALUES('Property',88037,'Min Mth Basic Prem','minMthBasicPrem');
INSERT INTO `CORE_PROD_CODE_TYPE_LOOK_UP` VALUES('Property',88038,'Min premium (investment amount)','minPremiumInvest');
INSERT INTO `CORE_PROD_CODE_TYPE_LOOK_UP` VALUES('Property',88039,'Max premium (investment amount)','maxPremiumInvestment');
INSERT INTO `CORE_PROD_CODE_TYPE_LOOK_UP` VALUES('Property',88040,'Available payment mode','availablePaymentMode');
INSERT INTO `CORE_PROD_CODE_TYPE_LOOK_UP` VALUES('Property',88041,'Allowed payment method for credit card','allowedPaymentMethodForCreditCard');
INSERT INTO `CORE_PROD_CODE_TYPE_LOOK_UP` VALUES('Property',88042,'Date-back date allowed product','DateBackDateAllowedProduct');
INSERT INTO `CORE_PROD_CODE_TYPE_LOOK_UP` VALUES('Property',88043,'Policy Term Within Limits ((if Term + insured''s age >= 100)','policyTermWithinLimits');
INSERT INTO `CORE_PROD_CODE_TYPE_LOOK_UP` VALUES('Property',88044,'Form Number','formNumber');
INSERT INTO `CORE_PROD_CODE_TYPE_LOOK_UP` VALUES('Property',88045,'Age last birth date','ageLastBirthDate');
INSERT INTO `CORE_PROD_CODE_TYPE_LOOK_UP` VALUES('Property',88046,'Age nearest birth date','ageNearestBirthDate');
INSERT INTO `CORE_PROD_CODE_TYPE_LOOK_UP` VALUES('Property',88047,'Step Up Option','stepUpOption');
INSERT INTO `CORE_PROD_CODE_TYPE_LOOK_UP` VALUES('Property',88048,'Renewal Payment Method','renewalPaymentMethod');
INSERT INTO `CORE_PROD_CODE_TYPE_LOOK_UP` VALUES('Property',88049,'Modal Premium','modalPremium');
INSERT INTO `CORE_PROD_CODE_TYPE_LOOK_UP` VALUES('Property',88050,'Substandard Rating','substandardRating');
INSERT INTO `CORE_PROD_CODE_TYPE_LOOK_UP` VALUES('Property',88051,'Band Rate','bandRate');
INSERT INTO `CORE_PROD_CODE_TYPE_LOOK_UP` VALUES('Property',88052,'Underwriting Class','underwritingClass');
INSERT INTO `CORE_PROD_CODE_TYPE_LOOK_UP` VALUES('Property',88053,'Base Premium','basePremium');
INSERT INTO `CORE_PROD_CODE_TYPE_LOOK_UP` VALUES('Property',88054,'Policy Fee','policyFee');
INSERT INTO `CORE_PROD_CODE_TYPE_LOOK_UP` VALUES('Property',88055,'Gender','gender');
INSERT INTO `CORE_PROD_CODE_TYPE_LOOK_UP` VALUES('Property',88056,'Smoking Habit','smokingHabit');
INSERT INTO `CORE_PROD_CODE_TYPE_LOOK_UP` VALUES('Property',88057,'Insured Sum','insuredSum');
INSERT INTO `CORE_PROD_CODE_TYPE_LOOK_UP` VALUES('Property',88058,'Classification','classification');
INSERT INTO `CORE_PROD_CODE_TYPE_LOOK_UP` VALUES('Property',88059,'Band','band');
INSERT INTO `CORE_PROD_CODE_TYPE_LOOK_UP` VALUES('Property',88091,'Max Maturity Age','maxMaturityAge');
INSERT INTO `CORE_PROD_CODE_TYPE_LOOK_UP` VALUES('Property',88092,'Min Premium Paying Term','minPremiumPayingTerm');
INSERT INTO `CORE_PROD_CODE_TYPE_LOOK_UP` VALUES('Property',88093,'Max Premium Paying Term','maxPremiumPayingTerm');
INSERT INTO `CORE_PROD_CODE_TYPE_LOOK_UP` VALUES('Property',88094,'Rate Class Type','rateClassType');
INSERT INTO `CORE_PROD_CODE_TYPE_LOOK_UP` VALUES('Property',88095,'Withdrawal Type','withdrawalType');
INSERT INTO `CORE_PROD_CODE_TYPE_LOOK_UP` VALUES('Property',88096,'Withdrawal Frequency','withdrawalFrequency');
INSERT INTO `CORE_PROD_CODE_TYPE_LOOK_UP` VALUES('Property',88097,'Interest Payment Options','interestPaymentOptions');
INSERT INTO `CORE_PROD_CODE_TYPE_LOOK_UP` VALUES('Property',88098,'Payment Settlement Options','paymentSettlementOptions');
INSERT INTO `CORE_PROD_CODE_TYPE_LOOK_UP` VALUES('Property',88099,'Payout Options','payoutOptions');
INSERT INTO `CORE_PROD_CODE_TYPE_LOOK_UP` VALUES('Property',88100,'Divident Options','dividentOptions');
INSERT INTO `CORE_PROD_CODE_TYPE_LOOK_UP` VALUES('Property',88101,'No Lapse Guarantee NLG Type','noLapseGuaranteeNLGType');
INSERT INTO `CORE_PROD_CODE_TYPE_LOOK_UP` VALUES('Property',88102,'Premium Frequency','premiumFrequency');
INSERT INTO `CORE_PROD_CODE_TYPE_LOOK_UP` VALUES('Property',88103,'Min Policy Term','minPolicyTerm');
INSERT INTO `CORE_PROD_CODE_TYPE_LOOK_UP` VALUES('Property',88104,'Max Policy Term','maxPolicyTerm');
INSERT INTO `CORE_PROD_CODE_TYPE_LOOK_UP` VALUES('Property',88105,'Death Benefit Option','deathBenefitOption');
INSERT INTO `CORE_PROD_CODE_TYPE_LOOK_UP` VALUES('Property',88106,'Policy Expiry Date','policyExpiryDate');
INSERT INTO `CORE_PROD_CODE_TYPE_LOOK_UP` VALUES('Property',88107,'Premium Type','premiumType');
INSERT INTO `CORE_PROD_CODE_TYPE_LOOK_UP` VALUES('Property',88108,'Min Initial Premium','minInitialPremium');
INSERT INTO `CORE_PROD_CODE_TYPE_LOOK_UP` VALUES('Property',88109,'Max Initial Premium','maxInitialPremium');
INSERT INTO `CORE_PROD_CODE_TYPE_LOOK_UP` VALUES('Property',88110,'Max Gross Annual Premium','maxGrossAnnualPremium');
INSERT INTO `CORE_PROD_CODE_TYPE_LOOK_UP` VALUES('Property',88111,'Min Subsequent Premium','minSubsequentPremium');
INSERT INTO `CORE_PROD_CODE_TYPE_LOOK_UP` VALUES('Property',88112,'Max Subsequent Premium','maxSubsequentPremium');
INSERT INTO `CORE_PROD_CODE_TYPE_LOOK_UP` VALUES('Property',88113,'Min Face Amount','minFaceAmount');
INSERT INTO `CORE_PROD_CODE_TYPE_LOOK_UP` VALUES('Property',88114,'Max Face Amount','maxFaceAmount');
INSERT INTO `CORE_PROD_CODE_TYPE_LOOK_UP` VALUES('Property',88115,'Fund Options','fundOptions');
INSERT INTO `CORE_PROD_CODE_TYPE_LOOK_UP` VALUES('Property',88116,'Withdrawal Term Begin','withdrawalTermBegin');
INSERT INTO `CORE_PROD_CODE_TYPE_LOOK_UP` VALUES('Property',88117,'Withdrawal Term End','withdrawalTermEnd');
INSERT INTO `CORE_PROD_CODE_TYPE_LOOK_UP` VALUES('Property',88118,'Face Amount Value','faceAmountValue');
INSERT INTO `CORE_PROD_CODE_TYPE_LOOK_UP` VALUES('Property',88119,'Policy Term Value','policyTermValue');
INSERT INTO `CORE_PROD_CODE_TYPE_LOOK_UP` VALUES('Property',88120,'Initial Premium Value','initialPremiumValue');
INSERT INTO `CORE_PROD_CODE_TYPE_LOOK_UP` VALUES('Property',88121,'Premium Paying Term Value','premiumPayingTermValue');
INSERT INTO `CORE_PROD_CODE_TYPE_LOOK_UP` VALUES('Property',88122,'Premium Amount Value','premiumAmountValue');
INSERT INTO `CORE_PROD_CODE_TYPE_LOOK_UP` VALUES('Property',88123,'Annual Premium Value','annualPremiumValue');
INSERT INTO `CORE_PROD_CODE_TYPE_LOOK_UP` VALUES('Property',88124,'Subsequent Premium Value','subsequentPremiumValue');
INSERT INTO `CORE_PROD_CODE_TYPE_LOOK_UP` VALUES('Property',88125,'Withdrawals','withdrawals');
INSERT INTO `CORE_PROD_CODE_TYPE_LOOK_UP` VALUES('Property',88126,'Max Premium Paying Age','maxPremiumPayingAge');
INSERT INTO `CORE_PROD_CODE_TYPE_LOOK_UP` VALUES('Property',88127,'Level Premium','levelPremium');
INSERT INTO `CORE_PROD_CODE_TYPE_LOOK_UP` VALUES('Property',88128,'Fixed Premium','fixedPremium');
INSERT INTO `CORE_PROD_CODE_TYPE_LOOK_UP` VALUES('Property',88129,'Flexible Premium','flexiblePremium');
INSERT INTO `CORE_PROD_CODE_TYPE_LOOK_UP` VALUES('Property',88130,'One Time Premium','oneTimePremium');
INSERT INTO `CORE_PROD_CODE_TYPE_LOOK_UP` VALUES('Property',88131,'Loan Option','loanOption');
INSERT INTO `CORE_PROD_CODE_TYPE_LOOK_UP` VALUES('Property',88132,'Survival Benefits','survivalBenefits');
INSERT INTO `CORE_PROD_CODE_TYPE_LOOK_UP` VALUES('Property',88133,'One Time Payment','oneTimePayment');
INSERT INTO `CORE_PROD_CODE_TYPE_LOOK_UP` VALUES('Property',88134,'Distribution Options','distributionOptions');
INSERT INTO `CORE_PROD_CODE_TYPE_LOOK_UP` VALUES('Property',88135,'Rider for Withdrawals','riderForWithdrawals');
INSERT INTO `CORE_PROD_CODE_TYPE_LOOK_UP` VALUES('Property',88136,'Rider Base Rate','riderBaseRate');
INSERT INTO `CORE_PROD_CODE_TYPE_LOOK_UP` VALUES('Property',88137,'Compound Interest Rate','compoundInterestRate');
INSERT INTO `CORE_PROD_CODE_TYPE_LOOK_UP` VALUES('Property',88138,'Calculating Interest Factor','calculatingInterestFactor');
INSERT INTO `CORE_PROD_CODE_TYPE_LOOK_UP` VALUES('Property',88139,'Level Whole Life Surrender Rate','levelWholeLifeSurrenderRate');
INSERT INTO `CORE_PROD_CODE_TYPE_LOOK_UP` VALUES('Property',88140,'Rider Death Benefit','riderDeathBenefit');
INSERT INTO `CORE_PROD_CODE_TYPE_LOOK_UP` VALUES('Property',88141,'Loan Interest Rate','loanInterestRate');
INSERT INTO `CORE_PROD_CODE_TYPE_LOOK_UP` VALUES('Property',88142,'ADB Rider Premium Rate','ADBRiderPremiumRate');
INSERT INTO `CORE_PROD_CODE_TYPE_LOOK_UP` VALUES('Property',88143,'Mortality and Expense Risk Charge','mortalityAndExpenseRiskCharge');
INSERT INTO `CORE_PROD_CODE_TYPE_LOOK_UP` VALUES('Property',88144,'Child Premium Rate','childPremiumRate');
INSERT INTO `CORE_PROD_CODE_TYPE_LOOK_UP` VALUES('Property',88145,'Sales Exchange Charge','salesExchangeCharge');
INSERT INTO `CORE_PROD_CODE_TYPE_LOOK_UP` VALUES('Property',88146,'Federal Tax','federalTax');
INSERT INTO `CORE_PROD_CODE_TYPE_LOOK_UP` VALUES('Property',88147,'Sales and Local Tax','salesAndLocalTax');
INSERT INTO `CORE_PROD_CODE_TYPE_LOOK_UP` VALUES('Property',88148,'Management or Administrative Fee','managementOrAdministrativeFee');
INSERT INTO `CORE_PROD_CODE_TYPE_LOOK_UP` VALUES('Property',88149,'Monthly Contract Charge','monthlyContractCharge');
INSERT INTO `CORE_PROD_CODE_TYPE_LOOK_UP` VALUES('Property',88150,'Cost of Insurance','costOfInsurance');
INSERT INTO `CORE_PROD_CODE_TYPE_LOOK_UP` VALUES('Property',88151,'Disability Premium Rate','disabilityPremiumRate');
INSERT INTO `CORE_PROD_CODE_TYPE_LOOK_UP` VALUES('Property',88152,'Guaranteed Premium Rate','guaranteedPremiumRate');
INSERT INTO `CORE_PROD_CODE_TYPE_LOOK_UP` VALUES('Property',88153,'Loan Eligibility Age','loanEligibilityAge');
INSERT INTO `CORE_PROD_CODE_TYPE_LOOK_UP` VALUES('Property',88154,'Loan Eligibility Percentage','loanEligibilityPercentage');
INSERT INTO `CORE_PROD_CODE_TYPE_LOOK_UP` VALUES('Property',88155,'NLG Factor','NLGFactor');
INSERT INTO `CORE_PROD_CODE_TYPE_LOOK_UP` VALUES('Property',88156,'SpIndex Rate','spIndexRate');
INSERT INTO `CORE_PROD_CODE_TYPE_LOOK_UP` VALUES('Property',88157,'General Interest Rate','generalInterestRate');
INSERT INTO `CORE_PROD_CODE_TYPE_LOOK_UP` VALUES('Property',88158,'General Account Charge','generalAccountCharge');
INSERT INTO `CORE_PROD_CODE_TYPE_LOOK_UP` VALUES('Property',88159,'SubAccount Rate','subAccountRate');
INSERT INTO `CORE_PROD_CODE_TYPE_LOOK_UP` VALUES('Property',88160,'Divident Rate','dividentRate');
INSERT INTO `CORE_PROD_CODE_TYPE_LOOK_UP` VALUES('Property',88161,'General Accounts','generalAccounts');
INSERT INTO `CORE_PROD_CODE_TYPE_LOOK_UP` VALUES('Property',88162,'VUL Accounts','VULAccounts');
INSERT INTO `CORE_PROD_CODE_TYPE_LOOK_UP` VALUES('Property',88163,'Indexed Accounts','indexedAccounts');
INSERT INTO `CORE_PROD_CODE_TYPE_LOOK_UP` VALUES('Property',88164,'Flat Extra','flatExtra');
INSERT INTO `CORE_PROD_CODE_TYPE_LOOK_UP` VALUES('Property',88165,'Extra Mortality Rate','extraMortalityRate');
INSERT INTO `CORE_PROD_CODE_TYPE_LOOK_UP` VALUES('Property',88166,'PUA Surrender ','PUASurrender');
INSERT INTO `CORE_PROD_CODE_TYPE_LOOK_UP` VALUES('Property',88167,'State','state');
INSERT INTO `CORE_PROD_CODE_TYPE_LOOK_UP` VALUES('Property',88168,'Extra Mortality Loading','extraMortalityLoading');
INSERT INTO `CORE_PROD_CODE_TYPE_LOOK_UP` VALUES('Property',88169,'Benefit Period','benefitPeriod');
INSERT INTO `CORE_PROD_CODE_TYPE_LOOK_UP` VALUES('Property',88170,'Policy Term options','policyTermOptions');
INSERT INTO `CORE_PROD_CODE_TYPE_LOOK_UP` VALUES('Property',88171,'Expiry Age','expiryAge');
INSERT INTO `CORE_PROD_CODE_TYPE_LOOK_UP` VALUES('Property',88172,'OPPB Premium Option','OPPBPremiumOption');
INSERT INTO `CORE_PROD_CODE_TYPE_LOOK_UP` VALUES('Property',88173,'Cover Multiple factor','coverMultipleFactor');
INSERT INTO `CORE_PROD_CODE_TYPE_LOOK_UP` VALUES('Property',88174,'Minimum Monthly Income','minimumMonthlyIncome');
INSERT INTO `CORE_PROD_CODE_TYPE_LOOK_UP` VALUES('Property',88175,'Expiry Age for Riders','expiryAgeForRiders');
INSERT INTO `CORE_PROD_CODE_TYPE_LOOK_UP` VALUES('Property',88176,'Loan Repayment Option','loanRepaymentOption');
INSERT INTO `CORE_PROD_CODE_TYPE_LOOK_UP` VALUES('Property',88177,'Can Avail Loan','canAvailLoan');
INSERT INTO `CORE_PROD_CODE_TYPE_LOOK_UP` VALUES('Property',88178,'Bonus Option','bonusOption');
INSERT INTO `CORE_PROD_CODE_TYPE_LOOK_UP` VALUES('Property',88179,'Payor Min Age','payorMinAge');
INSERT INTO `CORE_PROD_CODE_TYPE_LOOK_UP` VALUES('Property',88180,'Payor Max Age','payorMaxAge');
INSERT INTO `CORE_PROD_CODE_TYPE_LOOK_UP` VALUES('Property',88181,'Max Entry Age for 7 and 10 Pay','maxEntryAgeFor7and10Pay');
INSERT INTO `CORE_PROD_CODE_TYPE_LOOK_UP` VALUES('Property',88182,'Max Entry Age for 15 Pay','maxEntryAgeFor15Pay');
INSERT INTO `CORE_PROD_CODE_TYPE_LOOK_UP` VALUES('Property',88183,'Max Entry Age for 20 Pay','maxEntryAgeFor20Pay');
INSERT INTO `CORE_PROD_CODE_TYPE_LOOK_UP` VALUES('Property',88184,'ValidSA','validSA');
INSERT INTO `CORE_PROD_CODE_TYPE_LOOK_UP` VALUES('Property',88185,'Max Entry Age for 10 Pay','maxEntryAgeFor10Pay');
INSERT INTO `CORE_PROD_CODE_TYPE_LOOK_UP` VALUES('Property',88186,'Max Entry Age for OtherPPT','maxEntryAgeForOtherPPT');
INSERT INTO `CORE_PROD_CODE_TYPE_LOOK_UP` VALUES('Property',88187,'Minimum Rider Issue Age','minimumRiderIssueAge');
INSERT INTO `CORE_PROD_CODE_TYPE_LOOK_UP` VALUES('Property',88188,'Maximum Rider Issue Age','maximumRiderIssueAge');
INSERT INTO `CORE_PROD_CODE_TYPE_LOOK_UP` VALUES('Property',88189,'Minimum OPPB Allowed','minimumOPPBAllowed');
INSERT INTO `CORE_PROD_CODE_TYPE_LOOK_UP` VALUES('Property',88190,'Max Annual Basic Prem','maxAnnualBasicPrem');
INSERT INTO `CORE_PROD_CODE_TYPE_LOOK_UP` VALUES('Property',88191,'Min Vesting Age','minVestingAge');
INSERT INTO `CORE_PROD_CODE_TYPE_LOOK_UP` VALUES('Property',88192,'Max Vesting Age','maxVestingAge');
INSERT INTO `CORE_PROD_CODE_TYPE_LOOK_UP` VALUES('Property',88193,'Top ups','topUps');
INSERT INTO `CORE_PROD_CODE_TYPE_LOOK_UP` VALUES('Property',88194,'Rider Max Entry Age','riderMaxEntryAge');
INSERT INTO `CORE_PROD_CODE_TYPE_LOOK_UP` VALUES('Property',88195,'Min Top ups','minTopUps');
INSERT INTO `CORE_PROD_CODE_TYPE_LOOK_UP` VALUES('Property',88196,'Min Premium - Single pay','minPremiumSinglePay');
INSERT INTO `CORE_PROD_CODE_TYPE_LOOK_UP` VALUES('Property',88197,'Min Premium - Regular pay','minPremiumRegularPay');
INSERT INTO `CORE_PROD_CODE_TYPE_LOOK_UP` VALUES('Property',88198,'Max Entry Age for 6 8 & 10 Pay','maxEntryAgeFor6_8_10Pay');
INSERT INTO `CORE_PROD_CODE_TYPE_LOOK_UP` VALUES('Property',88199,'Max Entry Age for 12 Pay','maxEntryAgeFor12Pay');
INSERT INTO `CORE_PROD_CODE_TYPE_LOOK_UP` VALUES('Property',88200,'Max Maturity Age for Policy term 15','maxMaturityAgeForPolicyTerm15');
INSERT INTO `CORE_PROD_CODE_TYPE_LOOK_UP` VALUES('Property',88201,'Max Maturity Age for Policy term 20 & 25','maxMaturityAgeForPolicyTerm20_25');
INSERT INTO `CORE_PROD_CODE_TYPE_LOOK_UP` VALUES('Property',88202,'Min Annual Premium for 7 pay variant','minAnnualPremiumFor7PayVariant');
INSERT INTO `CORE_PROD_CODE_TYPE_LOOK_UP` VALUES('Property',88203,'Min Annual Premium for 10 15 and 20 pay variants','minAnnualPremiumFor10_15_20PayVariants');
INSERT INTO `CORE_PROD_CODE_TYPE_LOOK_UP` VALUES('Property',88215,'Min Semi-Annual Basic Prem','minSemiAnnualBasicPrem');
INSERT INTO `CORE_PROD_CODE_TYPE_LOOK_UP` VALUES('Property',88216,'Min Quarterly Basic Prem','minQuarterlyBasicPrem');
INSERT INTO `CORE_PROD_CODE_TYPE_LOOK_UP` VALUES('Property',88217,'Min Monthly Basic Prem','minMonthlyBasicPrem');
INSERT INTO `CORE_PROD_CODE_TYPE_LOOK_UP` VALUES('Property',88218,'Minimum Premium - 5 Pay','minimumPremium5Pay');
INSERT INTO `CORE_PROD_CODE_TYPE_LOOK_UP` VALUES('Property',88219,'Minimum Premium - 20 Pay','minimumPremium20Pay');
INSERT INTO `CORE_PROD_CODE_TYPE_LOOK_UP` VALUES('Property',88220,'Investment Plan','investmentPlan');
INSERT INTO `CORE_PROD_CODE_TYPE_LOOK_UP` VALUES('Property',88221,'Minimum Allowed Partial Withdrawal Amount','minimumAllowedPartialWithdrawalAmount');
INSERT INTO `CORE_PROD_CODE_TYPE_LOOK_UP` VALUES('Property',88222,'Max Entry Age for Term 10','maxEntryAgeForTerm10');
INSERT INTO `CORE_PROD_CODE_TYPE_LOOK_UP` VALUES('Property',88223,'Minimum premium - Limited Pay','minimumPremiumLimitedPay');
INSERT INTO `CORE_PROD_CODE_TYPE_LOOK_UP` VALUES('Property',88224,'Min Premium Regular pay Annual Mode','minPremiumRegularPayAnnualMode');
INSERT INTO `CORE_PROD_CODE_TYPE_LOOK_UP` VALUES('Property',88225,'Min Premium Regular pay NonAnnual Mode','minPremiumRegularPayNonAnnualMode');
INSERT INTO `CORE_PROD_CODE_TYPE_LOOK_UP` VALUES('Property',88226,'Max Entry Age for Term (15 to 25)','maxEntryAgeForTerm15To25');
INSERT INTO `CORE_PROD_CODE_TYPE_LOOK_UP` VALUES('Property',88227,'Annuity purchased from Proceeds','annuityPurchasedFromProceeds');
INSERT INTO `CORE_PROD_CODE_TYPE_LOOK_UP` VALUES('Property',88228,'Annuity Purchase mode','annuityPurchaseMode');
INSERT INTO `CORE_PROD_CODE_TYPE_LOOK_UP` VALUES('Property',88229,'Annuity Option','annuityOption');
INSERT INTO `CORE_PROD_CODE_TYPE_LOOK_UP` VALUES('Property',88230,'First Annuitant Min Age at Entry','firstAnnuitantMinAgeAtEntry');
INSERT INTO `CORE_PROD_CODE_TYPE_LOOK_UP` VALUES('Property',88231,'First Annuitant Max Age at Entry','firstAnnuitantMaxAgeAtEntry');
INSERT INTO `CORE_PROD_CODE_TYPE_LOOK_UP` VALUES('Property',88232,'Second Annuitant Min Age at Entry','secondAnnuitantMinAgeAtEntry');
INSERT INTO `CORE_PROD_CODE_TYPE_LOOK_UP` VALUES('Property',88233,'Second Annuitant Max Age at Entry','secondAnnuitantMaxAgeAtEntry');
INSERT INTO `CORE_PROD_CODE_TYPE_LOOK_UP` VALUES('Property',88234,'Min Annual Premium from Proceeds','minAnnualPremiumFromProceeds');
INSERT INTO `CORE_PROD_CODE_TYPE_LOOK_UP` VALUES('Property',88235,'Max Maturiy Age for Policy Term 10','maxMaturiyAgeForPolicyTerm10');
INSERT INTO `CORE_PROD_CODE_TYPE_LOOK_UP` VALUES('Property',88236,'Max Maturiy Age for Policy Term 15 to 25','maxMaturiyAgeForPolicyTerm15To25');
INSERT INTO `CORE_PROD_CODE_TYPE_LOOK_UP` VALUES('Property',88237,'Max Age for SA Multiple 11','maxAgeForSAMultiple11');
INSERT INTO `CORE_PROD_CODE_TYPE_LOOK_UP` VALUES('Property',88238,'Max Age for SA Multiple 15','maxAgeForSAMultiple15');
INSERT INTO `CORE_PROD_CODE_TYPE_LOOK_UP` VALUES('Property',88239,'Max Age for SA Multiple 20','maxAgeForSAMultiple20');
INSERT INTO `CORE_PROD_CODE_TYPE_LOOK_UP` VALUES('Property',88240,'Max Entry Age for 7 Pay','maxEntryAgeFor7Pay');
INSERT INTO `CORE_PROD_CODE_TYPE_LOOK_UP` VALUES('Property',88241,'Payor Rider Required','payorRiderRequired');
INSERT INTO `CORE_PROD_CODE_TYPE_LOOK_UP` VALUES('Property',88242,'Payor Gender','payorGender');
INSERT INTO `CORE_PROD_CODE_TYPE_LOOK_UP` VALUES('Property',88243,'Payor Extra Mortality Loading','payorExtraMortalityLoading');
INSERT INTO `CORE_PROD_CODE_TYPE_LOOK_UP` VALUES('Property',88244,'Payor Extra Mortality Rate','payorExtraMortalityRate');
INSERT INTO `CORE_PROD_CODE_TYPE_LOOK_UP` VALUES('Property',88245,'Min Entry Age for Policy Term 15 ','minEntryAgeForPolicyTerm15 ');
INSERT INTO `CORE_PROD_CODE_TYPE_LOOK_UP` VALUES('Property',88246,'Min Entry Age for Policy Term 20','minEntryAgeForPolicyTerm20');
INSERT INTO `CORE_PROD_CODE_TYPE_LOOK_UP` VALUES('Property',88247,'Min Entry Age for Policy Term 25 ','minEntryAgeForPolicyTerm25 ');
INSERT INTO `CORE_PROD_CODE_TYPE_LOOK_UP` VALUES('Property',88248,'Payor Min Entry Age for Policy Term 15 ','payorMinEntryAgeForPolicyTerm15 ');
INSERT INTO `CORE_PROD_CODE_TYPE_LOOK_UP` VALUES('Property',88249,'Payor Min Entry Age for Policy Term 20','payorMinEntryAgeForPolicyTerm20');
INSERT INTO `CORE_PROD_CODE_TYPE_LOOK_UP` VALUES('Property',88250,'Payor Min Entry Age for Policy Term 25','payorMinEntryAgeForPolicyTerm25');
INSERT INTO `CORE_PROD_CODE_TYPE_LOOK_UP` VALUES('Property',88251,'Payor Max Entry Age for 6 Pay','payorMaxEntryAgeFor6Pay');
INSERT INTO `CORE_PROD_CODE_TYPE_LOOK_UP` VALUES('Property',88252,'Payor Max Entry Age for 8 Pay','payorMaxEntryAgeFor8Pay');
INSERT INTO `CORE_PROD_CODE_TYPE_LOOK_UP` VALUES('Property',88253,'Payor Max Entry Age for 10 Pay','payorMaxEntryAgeFor10Pay');
INSERT INTO `CORE_PROD_CODE_TYPE_LOOK_UP` VALUES('Property',88254,'Payor Max Entry Age for 12 Pay','payorMaxEntryAgeFor12Pay');
INSERT INTO `CORE_PROD_CODE_TYPE_LOOK_UP` VALUES('Property',88255,'Min Entry Age Sec Annuitant for Policy Term 15 ','minEntryAgeSecAnnuitantForPolicyTerm15 ');
INSERT INTO `CORE_PROD_CODE_TYPE_LOOK_UP` VALUES('Property',88256,'Min Entry Age Sec Annuitant for Policy Term 20','minEntryAgeSecAnnuitantForPolicyTerm20');
INSERT INTO `CORE_PROD_CODE_TYPE_LOOK_UP` VALUES('Property',88257,'Min Entry Age Sec Annuitant for Policy Term 25 ','minEntryAgeSecAnnuitantForPolicyTerm25 ');
INSERT INTO `CORE_PROD_CODE_TYPE_LOOK_UP` VALUES('Property',88258,'Max Entry Age Sec Annuitant for 6 8 & 10 Pay','maxEntryAgeSecAnnuitantFor6_8_10Pay');
INSERT INTO `CORE_PROD_CODE_TYPE_LOOK_UP` VALUES('Property',88259,'Max Entry Age Sec Annuitant for 12 Pay','maxEntryAgeSecAnnuitantFor12Pay');
INSERT INTO `CORE_PROD_CODE_TYPE_LOOK_UP` VALUES('Property',88260,'Rider Min Premium','riderMinPremium');
INSERT INTO `CORE_PROD_CODE_TYPE_LOOK_UP` VALUES('Property',88261,'Rider Max Premium','riderMaxPremium');
INSERT INTO `CORE_PROD_CODE_TYPE_LOOK_UP` VALUES('Property',88262,'Rider Min Term','riderMinTerm');
INSERT INTO `CORE_PROD_CODE_TYPE_LOOK_UP` VALUES('Property',88263,'Rider Max Term','riderMaxTerm');
INSERT INTO `CORE_PROD_CODE_TYPE_LOOK_UP` VALUES('Property',88264,'Min Maturity Age','minMaturityAge');
INSERT INTO `CORE_PROD_CODE_TYPE_LOOK_UP` VALUES('Property',88265,'Sum Assured Option','sumAssuredOption');
INSERT INTO `CORE_PROD_CODE_TYPE_LOOK_UP` VALUES('Property',88266,'Rider Required','riderRequired');
INSERT INTO `CORE_PROD_CODE_TYPE_LOOK_UP` VALUES('Property',88267,'Child Min Age','childMinAge');
INSERT INTO `CORE_PROD_CODE_TYPE_LOOK_UP` VALUES('Property',88268,'Child Max Age','childMaxAge');
INSERT INTO `CORE_PROD_CODE_TYPE_LOOK_UP` VALUES('Property',88269,'Child Gender','childGender');
INSERT INTO `CORE_PROD_CODE_TYPE_LOOK_UP` VALUES('Property',88270,'Minimum Maturity Value','minimumMaturityValue');
INSERT INTO `CORE_PROD_CODE_TYPE_LOOK_UP` VALUES('Property',88271,'Maximum Maturity Value','maximumMaturityValue');
INSERT INTO `CORE_PROD_CODE_TYPE_LOOK_UP` VALUES('Property',88272,'Combined Premium Available','');
INSERT INTO `CORE_PROD_CODE_TYPE_LOOK_UP` VALUES('Property',88273,'Combined Premium Amount','');
INSERT INTO `CORE_PROD_CODE_TYPE_LOOK_UP` VALUES('Property',88274,'Min Annual Basic Prem SubProd1 ','');
INSERT INTO `CORE_PROD_CODE_TYPE_LOOK_UP` VALUES('Property',88275,'Min Semi-Annual Basic Prem SubProd1','');
INSERT INTO `CORE_PROD_CODE_TYPE_LOOK_UP` VALUES('Property',88276,'Min Quarterly Basic Prem SubProd1','');
INSERT INTO `CORE_PROD_CODE_TYPE_LOOK_UP` VALUES('Property',88277,'Min Monthly Basic Prem SubProd1','');
INSERT INTO `CORE_PROD_CODE_TYPE_LOOK_UP` VALUES('Property',88400,'Vesting Age','vestingAge');
INSERT INTO `CORE_PROD_CODE_TYPE_LOOK_UP` VALUES('Property',88401,'Committed Premium','committedPremium');
INSERT INTO `CORE_PROD_CODE_TYPE_LOOK_UP` VALUES('Property',88402,'Surrender Option','surrenderOption');
INSERT INTO `CORE_PROD_CODE_TYPE_LOOK_UP` VALUES('Property',88403,'Save More Tomorrow','saveMoreTomorrow');
INSERT INTO `CORE_PROD_CODE_TYPE_LOOK_UP` VALUES('Property',88404,'Top Up PCT','topUpPCT');
INSERT INTO `CORE_PROD_CODE_TYPE_LOOK_UP` VALUES('Property',88405,'Minimum Surrender Value','');
INSERT INTO `CORE_PROD_CODE_TYPE_LOOK_UP` VALUES('Property',88502,'Dividend Adjustment','dividendAdjustment');
INSERT INTO `CORE_PROD_CODE_TYPE_LOOK_UP` VALUES('Property',88503,'Solve Options','solveOptions');
INSERT INTO `CORE_PROD_CODE_TYPE_LOOK_UP` VALUES('Property',88504,'Max Life Expectancy','maxLifeExpectancy');
INSERT INTO `CORE_PROD_CODE_TYPE_LOOK_UP` VALUES('Property',88505,'Maturity Value Amount','maturityValueAmount');
INSERT INTO `CORE_PROD_CODE_TYPE_LOOK_UP` VALUES('Property',88506,'Sum Assured','sumAssured');
INSERT INTO `CORE_PROD_CODE_TYPE_LOOK_UP` VALUES('Property',88507,'Min Maturity Age Limited Pay','');
INSERT INTO `CORE_PROD_CODE_TYPE_LOOK_UP` VALUES('Property',88508,'Min Maturity Age Regular Pay','');
INSERT INTO `CORE_PROD_CODE_TYPE_LOOK_UP` VALUES('Property',88520,'Max Age Single Pay','');
INSERT INTO `CORE_PROD_CODE_TYPE_LOOK_UP` VALUES('Property',89000,'Axis Min Premium','axisMinPremium');
INSERT INTO `CORE_PROD_CODE_TYPE_LOOK_UP` VALUES('Property_Value',90001,'Date','');
INSERT INTO `CORE_PROD_CODE_TYPE_LOOK_UP` VALUES('Property_Value',90002,'Number','');
INSERT INTO `CORE_PROD_CODE_TYPE_LOOK_UP` VALUES('Property_Value',90003,'Percentage','');
INSERT INTO `CORE_PROD_CODE_TYPE_LOOK_UP` VALUES('Property_Value',90004,'Enum','');
INSERT INTO `CORE_PROD_CODE_TYPE_LOOK_UP` VALUES('Property_Value',90005,'List','');
INSERT INTO `CORE_PROD_CODE_TYPE_LOOK_UP` VALUES('Property_Value',90006,'Text','');
INSERT INTO `CORE_PROD_CODE_TYPE_LOOK_UP` VALUES('Property_Value',90007,'Boolean','');
INSERT INTO `CORE_PROD_CODE_TYPE_LOOK_UP` VALUES('Property_Value',90008,'Rate','');
INSERT INTO `CORE_PROD_CODE_TYPE_LOOK_UP` VALUES('Property_Value',90009,'String','');
INSERT INTO `CORE_PROD_CODE_TYPE_LOOK_UP` VALUES('Channel',9081,'Online','');
INSERT INTO `CORE_PROD_CODE_TYPE_LOOK_UP` VALUES('Channel',9082,'Agent','');
INSERT INTO `CORE_PROD_CODE_TYPE_LOOK_UP` VALUES('Channel',9083,'Media','');
INSERT INTO `CORE_PROD_CODE_TYPE_LOOK_UP` VALUES('Channel',9084,'Exim','');
INSERT INTO `CORE_PROD_CODE_TYPE_LOOK_UP` VALUES('Channel',9085,'TCB','');
INSERT INTO `CORE_PROD_CODE_TYPE_LOOK_UP` VALUES('Channel',9086,'TCA','');
INSERT INTO `CORE_PROD_CODE_TYPE_LOOK_UP` VALUES('Investment',9181,'Fixed','');
INSERT INTO `CORE_PROD_CODE_TYPE_LOOK_UP` VALUES('Investment',9182,'Variable','');
INSERT INTO `CORE_PROD_CODE_TYPE_LOOK_UP` VALUES('Investment',9183,'NA','');
INSERT INTO `CORE_PROD_CODE_TYPE_LOOK_UP` VALUES('Cover',9281,'Individual','');
INSERT INTO `CORE_PROD_CODE_TYPE_LOOK_UP` VALUES('Cover',9282,'Family','');
INSERT INTO `CORE_PROD_CODE_TYPE_LOOK_UP` VALUES('Fund_Category',95001,'Conservative','conservativeFund');
INSERT INTO `CORE_PROD_CODE_TYPE_LOOK_UP` VALUES('Fund_Category',95002,'Balanced','balancedFund');
INSERT INTO `CORE_PROD_CODE_TYPE_LOOK_UP` VALUES('Fund_Category',95003,'Growth','growthFund');
INSERT INTO `CORE_PROD_CODE_TYPE_LOOK_UP` VALUES('Property',95004,'Rider Maximum Term','');
INSERT INTO `CORE_PROD_CODE_TYPE_LOOK_UP` VALUES('Property',95005,'Premium Paying Term Value(Second)','');
INSERT INTO `CORE_PROD_CODE_TYPE_LOOK_UP` VALUES('Property',95006,'Max Maturity Age Regular Pay','maxMaturityAgeRegularPay');
INSERT INTO `CORE_PROD_CODE_TYPE_LOOK_UP` VALUES('Property',95007,'Occupation Risk Class','occupationRiskClass');
INSERT INTO `CORE_PROD_CODE_TYPE_LOOK_UP` VALUES('Property',95008,'Insured Type','insuredType');
INSERT INTO `CORE_PROD_CODE_TYPE_LOOK_UP` VALUES('Property',95009,'Premium Package','premiumPackage');
INSERT INTO `CORE_PROD_CODE_TYPE_LOOK_UP` VALUES('Property',95010,'Premium Holiday','premiumHoliday');
INSERT INTO `CORE_PROD_CODE_TYPE_LOOK_UP` VALUES('Property',95011,'Subsequent Single Top up','subsequentSingleTopup');
INSERT INTO `CORE_PROD_CODE_TYPE_LOOK_UP` VALUES('Property',95012,'Extra Loading Per Mil','extraLoadingPerMil');
INSERT INTO `CORE_PROD_CODE_TYPE_LOOK_UP` VALUES('Property',950121,'TestDemo','testDemo');
INSERT INTO `CORE_PROD_CODE_TYPE_LOOK_UP` VALUES('Property',95013,'Minimum Single Topup','minimumSingleTopup');
INSERT INTO `CORE_PROD_CODE_TYPE_LOOK_UP` VALUES('Property',95014,'Min Sum Assured for Juvenile','minSumAssuredforJuvenile');
INSERT INTO `CORE_PROD_CODE_TYPE_LOOK_UP` VALUES('Property',95015,'Max Sum Assured for Juvenile','maxSumAssuredforJuvenile');
INSERT INTO `CORE_PROD_CODE_TYPE_LOOK_UP` VALUES('Property',95016,'Auto Balancing Min Value','autoBalancingMinValue');
INSERT INTO `CORE_PROD_CODE_TYPE_LOOK_UP` VALUES('Property',95017,'Auto Balancing Max Value','autoBalancingMaxValue');
INSERT INTO `CORE_PROD_CODE_TYPE_LOOK_UP` VALUES('Property',95018,'Auto Trading - Target Return','autoTradingTargetReturn');
INSERT INTO `CORE_PROD_CODE_TYPE_LOOK_UP` VALUES('Property',95019,'Auto Trading - Profit Climbing','autoTradingProfitClimbing');
INSERT INTO `CORE_PROD_CODE_TYPE_LOOK_UP` VALUES('Property',95020,'Auto Trading - Cut Loss / Target Loss','Auto TradingCutTargetLoss');
INSERT INTO `CORE_PROD_CODE_TYPE_LOOK_UP` VALUES('Property',95021,'Auto Re-Entry','autoReEntry');
INSERT INTO `CORE_PROD_CODE_TYPE_LOOK_UP` VALUES('Property',95022,'Parent Min Age','parentMinAge');
INSERT INTO `CORE_PROD_CODE_TYPE_LOOK_UP` VALUES('Property',95023,'Parent Max Age','parentMaxAge');
INSERT INTO `CORE_PROD_CODE_TYPE_LOOK_UP` VALUES('Property',95024,'Parent Gender','parentGender');
INSERT INTO `CORE_PROD_CODE_TYPE_LOOK_UP` VALUES('Property',95025,'Spouse Min Age','spouseMinAge');
INSERT INTO `CORE_PROD_CODE_TYPE_LOOK_UP` VALUES('Property',95026,'Spouse Max Age','spouseMaxAge');
INSERT INTO `CORE_PROD_CODE_TYPE_LOOK_UP` VALUES('Property',95027,'Spouse Gender','spouseGender');
INSERT INTO `CORE_PROD_CODE_TYPE_LOOK_UP` VALUES('Property',95028,'Regular Premium','regularPremium');
INSERT INTO `CORE_PROD_CODE_TYPE_LOOK_UP` VALUES('Property',95029,'Regular Top Up','regularTopUp');
INSERT INTO `CORE_PROD_CODE_TYPE_LOOK_UP` VALUES('Property',95030,'Min Regular Top Up','minRegularTopUp');
INSERT INTO `CORE_PROD_CODE_TYPE_LOOK_UP` VALUES('Property',95031,'Max Regular Top Up','maxRegularTopUp');
INSERT INTO `CORE_PROD_CODE_TYPE_LOOK_UP` VALUES('Property',95032,'Total Insurance Cost','totalInsuranceCost');
INSERT INTO `CORE_PROD_CODE_TYPE_LOOK_UP` VALUES('Property',95033,'Total Premium','totalPremium');
INSERT INTO `CORE_PROD_CODE_TYPE_LOOK_UP` VALUES('Property',95034,'Insurance Cost per year','insuranceCostPerYear');
INSERT INTO `CORE_PROD_CODE_TYPE_LOOK_UP` VALUES('Property',95035,'Cover Expiry age','coverExpiryAge');
INSERT INTO `CORE_PROD_CODE_TYPE_LOOK_UP` VALUES('Property',95036,'Unit Health','unitHealth');
INSERT INTO `CORE_PROD_CODE_TYPE_LOOK_UP` VALUES('Property',95037,'Additional Insured','additionalInsured');
INSERT INTO `CORE_PROD_CODE_TYPE_LOOK_UP` VALUES('Property',95038,'Min Annual Reg Topup Prem','minAnnualRegTopUpPrem');
INSERT INTO `CORE_PROD_CODE_TYPE_LOOK_UP` VALUES('Property',95039,'Min Semi-Annual Reg Topup Prem','minSemiAnnualRegTopUpPrem');
INSERT INTO `CORE_PROD_CODE_TYPE_LOOK_UP` VALUES('Property',95040,'Min Quarterly Reg Topup Prem','minQuarterlyRegTopUpPrem');
INSERT INTO `CORE_PROD_CODE_TYPE_LOOK_UP` VALUES('Property',95041,'Min Monthly Reg Topup Prem','minMonthlyRegTopUpPrem');
INSERT INTO `CORE_PROD_CODE_TYPE_LOOK_UP` VALUES('Property',95042,'Bounce Back','BounceBack');
INSERT INTO `CORE_PROD_CODE_TYPE_LOOK_UP` VALUES('Property',95043,'Min SA for Medical Plan 1','minSAForMedicalPlan1');
INSERT INTO `CORE_PROD_CODE_TYPE_LOOK_UP` VALUES('Property',95044,'Min SA for Medical Plan 2','minSAForMedicalPlan2');
INSERT INTO `CORE_PROD_CODE_TYPE_LOOK_UP` VALUES('Property',95045,'Min SA for Medical Plan 3','minSAForMedicalPlan3');
INSERT INTO `CORE_PROD_CODE_TYPE_LOOK_UP` VALUES('Property',95046,'Min SA for Medical Plan 4','minSAForMedicalPlan4');
INSERT INTO `CORE_PROD_CODE_TYPE_LOOK_UP` VALUES('Property',95047,'Min SA for Medical Plan 5','minSAForMedicalPlan5');
INSERT INTO `CORE_PROD_CODE_TYPE_LOOK_UP` VALUES('Property',95048,'Min SA for Medical Plan 6','minSAForMedicalPlan6');
INSERT INTO `CORE_PROD_CODE_TYPE_LOOK_UP` VALUES('Property',95049,'Auto Trading - MaxTarget Return','autoTradingMaxTargetReturn');
INSERT INTO `CORE_PROD_CODE_TYPE_LOOK_UP` VALUES('Property',95050,'Auto Trading - Max Profit Climbing','autoTradingMaxProfitClimbing');
INSERT INTO `CORE_PROD_CODE_TYPE_LOOK_UP` VALUES('Property',95051,'Auto Trading - Max Cut Loss / Target Loss','autoTradingMaxCutlossTargetLoss');
INSERT INTO `CORE_PROD_CODE_TYPE_LOOK_UP` VALUES('Property',95052,'Max Auto Re-Entry','maxAutoReEntry');
INSERT INTO `CORE_PROD_CODE_TYPE_LOOK_UP` VALUES('Property',95053,'Top Up Year Limit','topUpYearLimit');
INSERT INTO `CORE_PROD_CODE_TYPE_LOOK_UP` VALUES('Property',95054,'Withdrawal Year Limit','withdrawalYearLimit');
INSERT INTO `CORE_PROD_CODE_TYPE_LOOK_UP` VALUES('Property',95055,'Auto Balancing Required','autoBalancingRequired');
INSERT INTO `CORE_PROD_CODE_TYPE_LOOK_UP` VALUES('Property',95056,'Auto Trading Required ','autoTradingRequired');
INSERT INTO `CORE_PROD_CODE_TYPE_LOOK_UP` VALUES('Property',95057,'Target Return Required','targetReturnRequired');
INSERT INTO `CORE_PROD_CODE_TYPE_LOOK_UP` VALUES('Property',95058,'Profit Climbing Required','profitClimbingRequired');
INSERT INTO `CORE_PROD_CODE_TYPE_LOOK_UP` VALUES('Property',95059,'CutLoss TargetLoss Required','cutLoss_TargetLossRequired');
INSERT INTO `CORE_PROD_CODE_TYPE_LOOK_UP` VALUES('Property',95060,'Auto Re Entry Required','autoReentryRequired');
INSERT INTO `CORE_PROD_CODE_TYPE_LOOK_UP` VALUES('Property',95061,'BounceBack Required','bounceBackRequired');
INSERT INTO `CORE_PROD_CODE_TYPE_LOOK_UP` VALUES('Property',95062,'Withdrawals Required','withdrawalsRequired');
INSERT INTO `CORE_PROD_CODE_TYPE_LOOK_UP` VALUES('Property',95063,'Top Up Required','topUpRequired');
INSERT INTO `CORE_PROD_CODE_TYPE_LOOK_UP` VALUES('Property',95064,'Fund Option Equity','equity');
INSERT INTO `CORE_PROD_CODE_TYPE_LOOK_UP` VALUES('Property',95065,'Fund Option Fixed Income','fixedIncome');
INSERT INTO `CORE_PROD_CODE_TYPE_LOOK_UP` VALUES('Property',95066,'Fund Option Money Market','moneyMarket');
INSERT INTO `CORE_PROD_CODE_TYPE_LOOK_UP` VALUES('Property',95067,'Risk Management Required','riskManagementRequired');
INSERT INTO `CORE_PROD_CODE_TYPE_LOOK_UP` VALUES('Property',95068,'Single Basic Premium Required','singleBasicPremium');
INSERT INTO `CORE_PROD_CODE_TYPE_LOOK_UP` VALUES('Property',95069,'Single TopUp Premium Required','singleTopUpPremium');
INSERT INTO `CORE_PROD_CODE_TYPE_LOOK_UP` VALUES('Property',95070,'Single TopUp Premium Mandatory','singleTopUpPremiumMandatory');
INSERT INTO `CORE_PROD_CODE_TYPE_LOOK_UP` VALUES('Property',95071,'Rider Is Required','riderIsRequired');
INSERT INTO `CORE_PROD_CODE_TYPE_LOOK_UP` VALUES('Property',95072,'Max Annual Reg Topup Prem','maxAnnua RegTopupPrem');
INSERT INTO `CORE_PROD_CODE_TYPE_LOOK_UP` VALUES('Property',95073,'Max Semi-AnnualReg Topup Prem','maxSemiAnnualRegTopupPrem');
INSERT INTO `CORE_PROD_CODE_TYPE_LOOK_UP` VALUES('Property',95074,'Max QuarterlyReg Topup Prem','maxQuarterlyRegTopupPrem');
INSERT INTO `CORE_PROD_CODE_TYPE_LOOK_UP` VALUES('Property',95075,'Max MonthlyReg Topup Prem','maxMonthlyRegTopupPrem');
INSERT INTO `CORE_PROD_CODE_TYPE_LOOK_UP` VALUES('Property',95076,'Minimum Protection Required','minimumProtectionRequired');
INSERT INTO `CORE_PROD_CODE_TYPE_LOOK_UP` VALUES('Property',95077,'Minimum Used Premium','minimumUsedPremium');
INSERT INTO `CORE_PROD_CODE_TYPE_LOOK_UP` VALUES('Property',95078,'Top Up Ad Hoc','topUpAdHoc');
INSERT INTO `CORE_PROD_CODE_TYPE_LOOK_UP` VALUES('Property',95079,'Minimum Protection Used','minimumProtectionUsed');
INSERT INTO `CORE_PROD_CODE_TYPE_LOOK_UP` VALUES('Property',95080,'Regular Premium Non LookUp','regularPremiumNonLookUp');
INSERT INTO `CORE_PROD_CODE_TYPE_LOOK_UP` VALUES('Property',95081,'Regular TopUp Premium Non LookUp','regularTopUpPremiumNonLookUp');
INSERT INTO `CORE_PROD_CODE_TYPE_LOOK_UP` VALUES('Property',95082,'Sum Insured','sumInsured');
INSERT INTO `CORE_PROD_CODE_TYPE_LOOK_UP` VALUES('Property',95083,'Premium Holiday Start','premiumHolidayStart');
INSERT INTO `CORE_PROD_CODE_TYPE_LOOK_UP` VALUES('Property',95084,'Guideline Min Sum Assured','guidelineMinSumAssured');
INSERT INTO `CORE_PROD_CODE_TYPE_LOOK_UP` VALUES('Property',95085,'Guideline Max Sum Assured','guidelineMaxSumAssured');
INSERT INTO `CORE_PROD_CODE_TYPE_LOOK_UP` VALUES('Property',95086,'Premium Frequency Non LookUp','premiumFrequencyNonLookUp');
INSERT INTO `CORE_PROD_CODE_TYPE_LOOK_UP` VALUES('Property',95087,'Cost And BenefitAt Moderate Risk Graph','costAndBenefitAtModerateRiskGraph');
INSERT INTO `CORE_PROD_CODE_TYPE_LOOK_UP` VALUES('Property',95088,'Main Insured Benefits Graph','mainInsuredBenefitsGraph');
INSERT INTO `CORE_PROD_CODE_TYPE_LOOK_UP` VALUES('Property',95089,'Additional Insured Benefits Graph','additionalInsuredBenefitsGraph');
INSERT INTO `CORE_PROD_CODE_TYPE_LOOK_UP` VALUES('Property',95090,'Health Aand Medical Table','healthAndMedicalTable');
INSERT INTO `CORE_PROD_CODE_TYPE_LOOK_UP` VALUES('Property',95091,'BenefitSummary MinSumInsured','benefitSummaryMinSumInsured');
INSERT INTO `CORE_PROD_CODE_TYPE_LOOK_UP` VALUES('Property',95092,'Benefit Summary Max SumInsured','benefitSummaryMaxSumInsured');
INSERT INTO `CORE_PROD_CODE_TYPE_LOOK_UP` VALUES('Property',95093,'BenefitSummary Max Regular TopUp','benefitSummaryMaxRegularTopUp');
INSERT INTO `CORE_PROD_CODE_TYPE_LOOK_UP` VALUES('Property',95094,'BenefitSummary Min Regular TopUp','benefitSummaryMinRegularTopUp');
INSERT INTO `CORE_PROD_CODE_TYPE_LOOK_UP` VALUES('Property',95095,'BenefitSummary Minimum ProtectionRequired','benefitSummaryMinimumProtectionRequired');
INSERT INTO `CORE_PROD_CODE_TYPE_LOOK_UP` VALUES('Property',95096,'BenefitSummary ProtectionUsed','benefitSummaryProtectionUsed');
INSERT INTO `CORE_PROD_CODE_TYPE_LOOK_UP` VALUES('Property',95097,'BenefitSummary TotalPremium','benefitSummaryTotalPremium');
INSERT INTO `CORE_PROD_CODE_TYPE_LOOK_UP` VALUES('Property',95098,'BenefitSummary TotalInsuranceCost','benefitSummaryTotalInsuranceCost');
INSERT INTO `CORE_PROD_CODE_TYPE_LOOK_UP` VALUES('Property',95099,'BenefitSummary Minimum UsedPremium','benefitSummaryMinimumUsedPremium');
INSERT INTO `CORE_PROD_CODE_TYPE_LOOK_UP` VALUES('Property',95100,'BenefitSummary Maximum Protection','benefitSummaryMaximumProtection');
INSERT INTO `CORE_PROD_CODE_TYPE_LOOK_UP` VALUES('Property',95101,'BenefitSummary SumInsured','benefitSummarySumInsured');
INSERT INTO `CORE_PROD_CODE_TYPE_LOOK_UP` VALUES('Property',95102,'Min HealthUnit ','minHealthUnit ');
INSERT INTO `CORE_PROD_CODE_TYPE_LOOK_UP` VALUES('Property',95103,'Max HealthUnit ','maxHealthUnit ');
INSERT INTO `CORE_PROD_CODE_TYPE_LOOK_UP` VALUES('Property',95104,'Medical Type','medicalType');
INSERT INTO `CORE_PROD_CODE_TYPE_LOOK_UP` VALUES('Property',95105,'Maximum Coverage Age','maxCoverageAge');
INSERT INTO `CORE_PROD_CODE_TYPE_LOOK_UP` VALUES('Property',95106,'Is Disabled','isDisabled');
INSERT INTO `CORE_PROD_CODE_TYPE_LOOK_UP` VALUES('Property',95107,'Is Hide Health Unit','isHideHealthUnit');
INSERT INTO `CORE_PROD_CODE_TYPE_LOOK_UP` VALUES('Property',95108,'Enable rider sum Insured ADDB','enableADDBSumInsured');
INSERT INTO `CORE_PROD_CODE_TYPE_LOOK_UP` VALUES('Property',95109,'Enable rider sum Insured CIADD','enableCIADDSumInsured');
INSERT INTO `CORE_PROD_CODE_TYPE_LOOK_UP` VALUES('Property',95110,'Enable ADB Rider SumAssured','enableADBRiderSumAssured');
INSERT INTO `CORE_PROD_CODE_TYPE_LOOK_UP` VALUES('Property',95111,'Enable CI Accell Rider SumAssured','enableCIAccellRiderSumAssured');
INSERT INTO `CORE_PROD_CODE_TYPE_LOOK_UP` VALUES('Property',95112,'Auto Reentry Mandatory on Cutloss','autoReentryMandatoryOnCutloss');
INSERT INTO `CORE_PROD_CODE_TYPE_LOOK_UP` VALUES('Property',95113,'Enable Spouse CIAddPlan SumAssured','enableSpouseAdditionalInsuredCIAddPlan');
INSERT INTO `CORE_PROD_CODE_TYPE_LOOK_UP` VALUES('Property',95114,'Map SingleTopUpPremium To SingleTopUp','mapSingleTopUpPremiumToSingleTopUp');
INSERT INTO `CORE_PROD_CODE_TYPE_LOOK_UP` VALUES('Property',95115,'Map SumInsured From Guideline Rule','mapSumInsuredFromGuidelineRule');
INSERT INTO `CORE_PROD_CODE_TYPE_LOOK_UP` VALUES('Property',95116,'Benefit Summary Premium Frequency','benefitSummaryPremiumFrequency');
INSERT INTO `CORE_PROD_CODE_TYPE_LOOK_UP` VALUES('Property',95117,'Benefit Summary MinMax SumInsured','benefitSummaryMinMaxSumInsured');
INSERT INTO `CORE_PROD_CODE_TYPE_LOOK_UP` VALUES('Property',95118,'Benefit Summary MinMax Regular TopUp','benefitSummaryMinMaxRegularTopUp');
INSERT INTO `CORE_PROD_CODE_TYPE_LOOK_UP` VALUES('Property',95119,'Regular TopUp Premium Mandatory','regularTopUpPremiumMandatory');
INSERT INTO `CORE_PROD_CODE_TYPE_LOOK_UP` VALUES('Property',95120,'Sum Insured Disabled','sumInsuredDisabled');
INSERT INTO `CORE_PROD_CODE_TYPE_LOOK_UP` VALUES('Property',95121,'Health Units Or Plan Types','healthUnitsOrPlanTypes');
INSERT INTO `CORE_PROD_CODE_TYPE_LOOK_UP` VALUES('Property',95122,'Premium Frequency for Banca','premiumFrequencyForBanca');
INSERT INTO `CORE_PROD_CODE_TYPE_LOOK_UP` VALUES('Property',95123,'Min Annual Premium For Banca','minAnnualPremiumForBanca');
INSERT INTO `CORE_PROD_CODE_TYPE_LOOK_UP` VALUES('Property',95124,'Min SemiAnnual Premium For Banca','minSemiAnnualPremiumForBanca');
INSERT INTO `CORE_PROD_CODE_TYPE_LOOK_UP` VALUES('Property',95125,'Max Premium For Banca','maxPremiumForBanca');
INSERT INTO `CORE_PROD_CODE_TYPE_LOOK_UP` VALUES('Property',95126,'Main Insured Relationship to PO','mainInsuredRelationshipToPO');
INSERT INTO `CORE_PROD_CODE_TYPE_LOOK_UP` VALUES('Property',95127,'Additional Insured Relationship to PO','additionalInsuredRelationshipToPO');
CREATE TABLE [CORE_PROD_CHANNEL_MAPPING] ( 	"ID"		integer PRIMARY KEY AUTOINCREMENT NOT NULL, 	"PROD_ID"		integer, 	"CHANNEL_ID"		varchar(255) ,     FOREIGN KEY ([PROD_ID])         REFERENCES [CORE_PRODUCT_COMPONENT]([id]),     FOREIGN KEY ([CHANNEL_ID])         REFERENCES [CORE_PROD_CODE_TYPE_LOOK_UP]([ID]) );
INSERT INTO `CORE_PROD_CHANNEL_MAPPING` VALUES(1,1,9082);
INSERT INTO `CORE_PROD_CHANNEL_MAPPING` VALUES(2,1,9084);
INSERT INTO `CORE_PROD_CHANNEL_MAPPING` VALUES(3,1,9085);
CREATE TABLE [CORE_PROD_CALC_SPEC] ( 	"ID"		integer PRIMARY KEY AUTOINCREMENT NOT NULL, 	"BASICDATACOMPLETECODE"		integer, 	"CONTEXTID"		integer, 	"CREATIONDATETIME"		date, 	"TRANSACTIONID"		varchar(255), 	"TYPENAME"		varchar(255), 	"ACTUAL_RULE_REF"		varchar(255), 	"INPUT_PARAMETERS"		varchar(255), 	"NAME"		varchar(255), 	"GROUP_NAME"		varchar(255), 	"OUTPUT_PARAMETERS"		varchar(255), 	"VERSION"		varchar(255), 	"CALCULATIONTYPE_ID"		varchar(255), 	"PARENTPRODUCT_ID"		integer, 	"MODIFIEDDATETIME"		datetime, 	"TRANSTRACKINGID"		varchar(255), 	"TRANSACTIONKEYS_ID"		integer ,     FOREIGN KEY ([calculationType_ID])         REFERENCES [CORE_PROD_CODE_TYPE_LOOK_UP]([ID]),     FOREIGN KEY ([parentProduct_id])         REFERENCES [CORE_PRODUCT_COMPONENT]([id]),     FOREIGN KEY ([transactionKeys_id])         REFERENCES [TransactionKeys]([id]) );
INSERT INTO `CORE_PROD_CALC_SPEC` VALUES(1,'','','','','','CIB_Illustration','','CIB Illustration',1,'',1,50118,1,'','','');
INSERT INTO `CORE_PROD_CALC_SPEC` VALUES(2,'','','','','','CIBProduct','','CIB Product','','',1,50121,1,'','','');
CREATE TABLE [CORE_PRODUCT_COMPONENT] ( 	"ID"		integer PRIMARY KEY AUTOINCREMENT NOT NULL, 	"BASICDATACOMPLETECODE"		integer, 	"CONTEXTID"		integer, 	"CREATIONDATETIME"		date, 	"TRANSACTIONID"		varchar(255), 	"TYPENAME"		varchar(255), 	"AUTO_INCLUDE_AT_ISSUE"		smallint, 	"BUSINESS_DESCRIPTION"		varchar(255), 	"FORMAL_DEFINITION"		varchar(255), 	"LAUNCH_DATE"		datetime, 	"MARKETABLE_INDICATOR"		smallint, 	"MARKETABLE_NAME"		varchar(255), 	"NAME"		varchar(255), 	"PLAN_CODE"		varchar(255), 	"PLAN_NAME"		varchar(255), 	"PRODUCT_CODE"		varchar(255), 	"PRODUCT_GROUP"		varchar(255), 	"SHORT_NAME"		varchar(255), 	"SUSPENSION_DATE"		datetime, 	"TERMINATION_DATE"		datetime, 	"VERSION"		varchar(255), 	"VERSION_DATE"		datetime, 	"WITHDRAWAL_DATE"		datetime, 	"CARRIER_ID"		integer, 	"CATEGORY_ID"		varchar(255), 	"CHANNELTYPE_ID"		varchar(255), 	"COVERTYPE_ID"		varchar(255), 	"INVESTMENTTYPE_ID"		varchar(255), 	"LINEOFBUSINESS_ID"		varchar(255), 	"PARENTPRODUCT_ID"		integer, 	"PRODUCTTYPE_ID"		varchar(255), 	"PUSH_SELL_INDICATOR"		smallint, 	"WEIGHTAGE"		varchar(255), 	"MODIFIEDDATETIME"		datetime, 	"TRANSTRACKINGID"		varchar(255), 	"LOCAL_NAME"		varchar(255), 	"TRANSACTIONKEYS_ID"		integer ,     FOREIGN KEY ([PRODUCT_GROUP])         REFERENCES [CORE_PROD_CODE_TYPE_LOOK_UP]([ID]),     FOREIGN KEY ([carrier_id])         REFERENCES [CORE_CARRIER]([id]),     FOREIGN KEY ([category_ID])         REFERENCES [CORE_PROD_CODE_TYPE_LOOK_UP]([ID]),     FOREIGN KEY ([channelType_ID])         REFERENCES [CORE_PROD_CODE_TYPE_LOOK_UP]([ID]),     FOREIGN KEY ([coverType_ID])         REFERENCES [CORE_PROD_CODE_TYPE_LOOK_UP]([ID]),     FOREIGN KEY ([investmentType_ID])         REFERENCES [CORE_PROD_CODE_TYPE_LOOK_UP]([ID]),     FOREIGN KEY ([lineOfBusiness_ID])         REFERENCES [CORE_PROD_CODE_TYPE_LOOK_UP]([ID]),     FOREIGN KEY ([parentProduct_id])         REFERENCES [CORE_PRODUCT_COMPONENT]([id]),     FOREIGN KEY ([productType_ID])         REFERENCES [CORE_PROD_CODE_TYPE_LOOK_UP]([ID]),     FOREIGN KEY ([transactionKeys_id])         REFERENCES [TransactionKeys]([id]) );
INSERT INTO `CORE_PRODUCT_COMPONENT` VALUES(1,'','','','','',1,'CI_EndowmentDesc','Critical Illness Endowment','1899-12-31 00:00:00.0',1,'Critical Illness Endowment','Critical Illness Endowment','','','CIB1',51001,'CIB1','2100-12-12 00:00:00.0','2100-12-12 00:00:00.0',1,'1970-01-01 00:00:00.0','2100-12-12 00:00:00.0',1,79007,9082,9281,9183,80900,'',812,'','','','','','');
INSERT INTO `CORE_PRODUCT_COMPONENT` VALUES(2,'','','','','',0,'Level Term','Level Term','1899-12-31 00:00:00.0',0,'Level Term','Level Term','','LTRider','TLR1',51001,'TLR1','2100-12-12 00:00:00.0','2100-12-12 00:00:00.0',1,'1970-01-01 00:00:00.0','2100-12-12 00:00:00.0','',79007,9082,9281,9183,80900,1,813,'','','','','','');
INSERT INTO `CORE_PRODUCT_COMPONENT` VALUES(3,'','','','','',0,'Accidental Death and Dismemberment','Accidental Death and Dismemberment','1899-12-31 00:00:00.0',0,'Accidental Death and Dismemberment','Accidental Death and Dismemberment','','ADDRider','ADD1',51001,'ADD1','2100-12-12 00:00:00.0','2100-12-12 00:00:00.0',1,'1970-01-01 00:00:00.0','2100-12-12 00:00:00.0','',79007,9082,9281,9183,80900,1,813,'','','','','','');
INSERT INTO `CORE_PRODUCT_COMPONENT` VALUES(4,'','','','','',0,'Hospital Cash','Hospital Cash','1899-12-31 00:00:00.0',0,'Hospital Cash','Hospital Cash','','HCRider','HSR1',51001,'HSR1','2100-12-12 00:00:00.0','2100-12-12 00:00:00.0',1,'1970-01-01 00:00:00.0','2100-12-12 00:00:00.0','',79007,9082,9281,9183,80900,1,813,'','','','','','');
INSERT INTO `CORE_PRODUCT_COMPONENT` VALUES(5,'','','','','',0,'Critital Illness Rider','Critital Illness Rider','1899-12-31 00:00:00.0',0,'Critital Illness Rider','Critital Illness Rider','','CIRider','CIR1',51001,'CIR1','2100-12-12 00:00:00.0','2100-12-12 00:00:00.0',1,'1970-01-01 00:00:00.0','2100-12-12 00:00:00.0','',79007,9082,9281,9183,80900,1,813,'','','','','','');
INSERT INTO `CORE_PRODUCT_COMPONENT` VALUES(6,'','','','','',0,'Critical Illness Waiver of Premium ','Critical Illness Waiver of Premium ','1899-12-31 00:00:00.0',0,'Critical Illness Waiver of Premium ','Critical Illness Waiver of Premium ','','CIWOPRider','WOP2',51001,'WOP2','2100-12-12 00:00:00.0','2100-12-12 00:00:00.0',1,'1970-01-01 00:00:00.0','2100-12-12 00:00:00.0','',79007,9082,9281,9183,80900,1,813,'','','','','','');
INSERT INTO `CORE_PRODUCT_COMPONENT` VALUES(7,'','','','','',0,'Financial Support Rider','Financial Support Rider','1899-12-31 00:00:00.0',0,'Financial Support Rider','Financial Support Rider','','FSRider','FSR1',51001,'FSR1','2100-12-12 00:00:00.0','2100-12-12 00:00:00.0',1,'1970-01-01 00:00:00.0','2100-12-12 00:00:00.0','',79007,9082,9281,9183,80900,1,813,'','','','','','');
INSERT INTO `CORE_PRODUCT_COMPONENT` VALUES(8,'','','','','',0,'Waiver of Premium','Waiver of Premium','1899-12-31 00:00:00.0',0,'Waiver of Premium','Waiver of Premium','','WOPRider','WOP1',51001,'WOP1','2100-12-12 00:00:00.0','2100-12-12 00:00:00.0',1,'1970-01-01 00:00:00.0','2100-12-12 00:00:00.0','',79007,9082,9281,9183,80900,1,813,'','','','','','');
CREATE TABLE [CORE_CARRIER] ( 	"ID"		integer PRIMARY KEY AUTOINCREMENT NOT NULL, 	"DESCRIPTION"		varchar(255)  );
INSERT INTO `CORE_CARRIER` VALUES(1,'');
CREATE INDEX [CORE_PROPERTY_VALUES_FK4CF2562C22B9835F] ON [CORE_PROPERTY_VALUES] ([propertySpecification_id]);
CREATE INDEX [CORE_PROD_TEMPLATE_MAPPING_FK_TMPMAPPING_TMPID] ON [CORE_PROD_TEMPLATE_MAPPING] ([TEMPLATE_ID]);
CREATE INDEX [CORE_PROD_TEMPLATE_MAPPING_FK_TMPMAPPING_PRODID] ON [CORE_PROD_TEMPLATE_MAPPING] ([PROD_ID]);
CREATE UNIQUE INDEX [CORE_PROD_TEMPLATES_TEMPLATE_NAME] ON [CORE_PROD_TEMPLATES] ([TEMPLATE_NAME]);
CREATE INDEX [CORE_PROD_RULE_SPEC_FK320560D682E535C4] ON [CORE_PROD_RULE_SPEC] ([parentProduct_id]);
CREATE INDEX [CORE_PROD_RULE_SPEC_FK320560D66FABF175] ON [CORE_PROD_RULE_SPEC] ([ruleType_ID]);
CREATE INDEX [CORE_PROD_PROPERTIES_FKBA64667BEAF5AC58] ON [CORE_PROD_PROPERTIES] ([propertyType_ID]);
CREATE INDEX [CORE_PROD_PROPERTIES_FKBA64667B82E535C4] ON [CORE_PROD_PROPERTIES] ([parentProduct_id]);
CREATE INDEX [CORE_PROD_CHANNEL_MAPPING_FKPRODCHANNELPROD] ON [CORE_PROD_CHANNEL_MAPPING] ([PROD_ID]);
CREATE INDEX [CORE_PROD_CHANNEL_MAPPING_FKPRODCHANNELCHANNEL] ON [CORE_PROD_CHANNEL_MAPPING] ([CHANNEL_ID]);
CREATE INDEX [CORE_PROD_CALC_SPEC_FK6101AD1D82E535C4] ON [CORE_PROD_CALC_SPEC] ([parentProduct_id]);
CREATE INDEX [CORE_PROD_CALC_SPEC_FK6101AD1D329F673F] ON [CORE_PROD_CALC_SPEC] ([calculationType_ID]);
CREATE INDEX [CORE_PRODUCT_COMPONENT_FKE47990CDB7004DD5] ON [CORE_PRODUCT_COMPONENT] ([investmentType_ID]);
CREATE INDEX [CORE_PRODUCT_COMPONENT_FKE47990CDA47F0F7F] ON [CORE_PRODUCT_COMPONENT] ([channelType_ID]);
CREATE INDEX [CORE_PRODUCT_COMPONENT_FKE47990CD82E535C4] ON [CORE_PRODUCT_COMPONENT] ([parentProduct_id]);
CREATE INDEX [CORE_PRODUCT_COMPONENT_FKE47990CD7A2D17FF] ON [CORE_PRODUCT_COMPONENT] ([carrier_id]);
CREATE INDEX [CORE_PRODUCT_COMPONENT_FKE47990CD7621172F] ON [CORE_PRODUCT_COMPONENT] ([category_ID]);
CREATE INDEX [CORE_PRODUCT_COMPONENT_FKE47990CD63EBB7FF] ON [CORE_PRODUCT_COMPONENT] ([productType_ID]);
CREATE INDEX [CORE_PRODUCT_COMPONENT_FKE47990CD4AEE503F] ON [CORE_PRODUCT_COMPONENT] ([coverType_ID]);
CREATE INDEX [CORE_PRODUCT_COMPONENT_FKE47990CD470CC4AD] ON [CORE_PRODUCT_COMPONENT] ([lineOfBusiness_ID]);
COMMIT;
